gene,pooled_log2FC,pooled_padj,n_datasets_tested,n_datasets_same_direction,consensus_direction,fraction_consistent
Tlr4,0.453487952184261,0.0494380834735398,5,5,AD_up,1.0
Ccl3,4.62944703252118,2.62152181327614e-16,5,5,AD_up,1.0
Itgax,4.65878603403521,1.15576841120306e-11,5,5,AD_up,1.0
Ccl4,4.38719676786427,3.63954425010742e-10,5,5,AD_up,1.0
Klf4,0.835183557642446,0.0474678369134196,5,5,AD_up,1.0
Plaur,2.13572130544356,9.34982014765758e-09,5,5,AD_up,1.0
Cst7,4.84619264006553,9.34982014765758e-09,5,5,AD_up,1.0
Gm26714,3.02051592116009,3.48141058814748e-08,5,5,AD_up,1.0
Ctse,2.58913750586626,6.48817833409989e-08,5,5,AD_up,1.0
Asb10,2.85533287926841,1.02509983967078e-07,5,5,AD_up,1.0
Tnfsf8,2.35179200457542,2.55087393066623e-07,5,5,AD_up,1.0
Sh3tc1,0.647672705718465,0.0366821364689262,5,5,AD_up,1.0
Sp100,1.04808471507403,0.0359162765147745,5,5,AD_up,1.0
Adgrl4,0.747125563321469,0.0359162765147745,5,5,AD_up,1.0
Fas,0.872003708460399,0.0358924626793873,5,5,AD_up,1.0
Dlg5,0.273649175770042,0.0355327185667428,5,5,AD_up,1.0
Nrros,0.502074650185608,0.0348401183996889,5,5,AD_up,1.0
Tgif1,0.813632356254514,0.0348070186020156,5,5,AD_up,1.0
Ostf1,0.415283870955182,0.0346186055139335,5,5,AD_up,1.0
Ncf1,0.699197323865604,0.0345600881186517,5,5,AD_up,1.0
Sipa1,0.317197112620937,0.0330584245555618,5,5,AD_up,1.0
Il10rb,0.445429595656513,0.0328505407465739,5,5,AD_up,1.0
Bcl3,1.44675226617102,6.32095859820965e-05,5,5,AD_up,1.0
Lcp1,0.632549900617195,5.92677559517179e-05,5,5,AD_up,1.0
Naip5,1.10182739173405,5.6422366066255e-05,5,5,AD_up,1.0
Cd48,1.42755888652019,5.39165161995994e-05,5,5,AD_up,1.0
Dock2,0.966551927694709,5.39165161995994e-05,5,5,AD_up,1.0
Runx1,1.31832357685721,3.64971262940181e-05,5,5,AD_up,1.0
Tyrobp,1.87309912002231,2.74066608902985e-05,5,5,AD_up,1.0
Ctsc,0.790790283564424,2.74066608902985e-05,5,5,AD_up,1.0
Arl11,1.75325743485137,2.59562090555057e-05,5,5,AD_up,1.0
Cd84,1.4676820293444,2.5885131902379e-05,5,5,AD_up,1.0
St14,1.92325790488662,1.68370573407712e-05,5,5,AD_up,1.0
C4b,1.65029637756615,1.64408860138305e-05,5,5,AD_up,1.0
Cd274,1.06308887006287,1.53679991162087e-05,5,5,AD_up,1.0
Ctss,1.32740030464961,0.0001925378489233,5,5,AD_up,1.0
Rasal3,1.14335984004136,0.0001925378489233,5,5,AD_up,1.0
Anxa3,0.997764541094409,0.0001925378489233,5,5,AD_up,1.0
Gfap,1.42952804213862,0.0001846050590217,5,5,AD_up,1.0
Slamf6,1.2718892631452,0.0001752109775411,5,5,AD_up,1.0
C3ar1,1.23941524218324,0.0001733791301869,5,5,AD_up,1.0
Lair1,0.772941543438826,0.0001733791301869,5,5,AD_up,1.0
Ifi204,2.39941272416229,0.0001668865000544,5,5,AD_up,1.0
Havcr2,1.17677823888549,0.0001614002861258,5,5,AD_up,1.0
Phf11d,1.5288894977331,0.0001535570220173,5,5,AD_up,1.0
Cd180,1.28237637503338,0.0001161193372946,5,5,AD_up,1.0
Apbb1ip,0.853226200460402,0.000105326925282,5,5,AD_up,1.0
Trem2,1.76018091893052,7.35762722886405e-05,5,5,AD_up,1.0
Ucp2,0.832208944628773,0.0004411865397438,5,5,AD_up,1.0
Tlr1,1.20419803473189,0.0004173247810217,5,5,AD_up,1.0
Ptpn6,0.989147316577376,0.000403523919106,5,5,AD_up,1.0
Mir142hg,0.856301650942756,0.000403523919106,5,5,AD_up,1.0
Arhgap30,0.886698760593207,0.0003758402093931,5,5,AD_up,1.0
Traf3ip3,0.922728232072883,0.0003724280825058,5,5,AD_up,1.0
Osmr,1.24599852239302,0.0003724280825058,5,5,AD_up,1.0
Cd14,1.37503961030453,0.0002806936212355,5,5,AD_up,1.0
Gngt2,1.0232763362632,0.0002599192230727,5,5,AD_up,1.0
Plek,0.44893678202623,0.0002599192230727,5,5,AD_up,1.0
Cd68,1.17041720463714,0.0002545776535434,5,5,AD_up,1.0
Fgr,1.7150237773689,0.0002305739514498,5,5,AD_up,1.0
Naip2,1.15595436654732,0.0002305739514498,5,5,AD_up,1.0
Ifit1,1.15856961380566,0.0002242635213088,5,5,AD_up,1.0
Rab7b,1.40729319389276,0.0008378086258928,5,5,AD_up,1.0
Ifih1,0.782631501007689,0.0006941837031244,5,5,AD_up,1.0
Renbp,0.750696596504055,0.0006818988803653,5,5,AD_up,1.0
Tlr7,1.01266574040192,0.0006352523872497,5,5,AD_up,1.0
Ikzf1,0.865434708706149,0.0006291951676095,5,5,AD_up,1.0
Tlr2,1.43797045993834,0.0006016659767481,5,5,AD_up,1.0
Fcer1g,1.11545506309712,0.0005743584488829,5,5,AD_up,1.0
9930111J21Rik2,1.26730651193942,0.0005743584488829,5,5,AD_up,1.0
Fes,0.852579044685982,0.0005532334717731,5,5,AD_up,1.0
Rgs1,1.66443777283706,0.0005271860583885,5,5,AD_up,1.0
Nlrc5,1.54140784270864,0.0005271860583885,5,5,AD_up,1.0
Casp4,0.976307805010334,0.0005271860583885,5,5,AD_up,1.0
Trim14,0.746934650459332,0.0005271860583885,5,5,AD_up,1.0
Gpnmb,0.965420541386578,0.0004987329960317,5,5,AD_up,1.0
Sbno2,0.434369900732775,0.0004693983939701,5,5,AD_up,1.0
Hexb,0.657469993619371,0.0014918206905385,5,5,AD_up,1.0
Capg,1.25168010448084,0.0014918206905385,5,5,AD_up,1.0
Sh3bp2,0.853367714523708,0.0014776830832368,5,5,AD_up,1.0
Pik3cg,0.870602240154963,0.0014136267744008,5,5,AD_up,1.0
Parp14,1.02548021673695,0.0013971696012575,5,5,AD_up,1.0
Cd86,0.916114484644486,0.0013970737266449,5,5,AD_up,1.0
Mamdc2,0.517926840898829,0.0013380636400366,5,5,AD_up,1.0
Gm4951,1.48796920349297,0.0013239846304097,5,5,AD_up,1.0
Psmb9,0.908317691173201,0.0013239846304097,5,5,AD_up,1.0
Psmb8,0.901596266259875,0.0013239846304097,5,5,AD_up,1.0
Oasl2,1.4332301223654,0.0012900988625574,5,5,AD_up,1.0
Hk2,0.8623372969608,0.0012383655415978,5,5,AD_up,1.0
Abi3,0.983938960284816,0.001118718090694,5,5,AD_up,1.0
Tec,0.873710526296845,0.0008837240149614,5,5,AD_up,1.0
Gm38134,-0.416766254636054,0.0323737916218474,5,5,AD_down,1.0
Vwa5a,0.399750675491009,0.0321928884593089,5,5,AD_up,1.0
Cdca2,0.844228962868066,0.0320603302508639,5,5,AD_up,1.0
Setd5,0.190756460663416,0.0312229046223758,5,5,AD_up,1.0
Gpr84,1.04384436806878,0.0312229046223758,5,5,AD_up,1.0
Cd200r4,1.13676856567614,0.0305670469994712,5,5,AD_up,1.0
Rsad2,0.938767314320759,0.0304716557194648,5,5,AD_up,1.0
2810001G20Rik,-0.290294783738449,0.0285869342003087,5,5,AD_down,1.0
Ctla2a,0.910061650777427,0.0270692677963071,5,5,AD_up,1.0
Exoc8,-0.238842964558359,0.0270298045593893,5,5,AD_down,1.0
C1qc,0.911820651649211,0.0260761218304841,5,5,AD_up,1.0
Unc93b1,0.551053999048065,0.0258725173177085,5,5,AD_up,1.0
Mpeg1,1.28900189634265,0.0027986078041799,5,5,AD_up,1.0
St8sia6,0.718359063856473,0.00271354105431,5,5,AD_up,1.0
Inpp5d,0.829652300381551,0.00271354105431,5,5,AD_up,1.0
Rin3,0.686417450365746,0.0026406812349757,5,5,AD_up,1.0
Itpripl2,0.711417314826654,0.0026260349299854,5,5,AD_up,1.0
Oas1a,1.78000056429305,0.002338068865622,5,5,AD_up,1.0
Pik3ap1,0.854790664854719,0.0021425477232133,5,5,AD_up,1.0
Rtp4,0.731724428064314,0.0020680152296382,5,5,AD_up,1.0
Ddx60,1.1685846499683,0.0020622109272541,5,5,AD_up,1.0
Irf5,0.776349113521916,0.0020123414118796,5,5,AD_up,1.0
Arhgap9,1.19522665360568,0.0019072543650107,5,5,AD_up,1.0
Cd53,0.849135966294541,0.0018717381208494,5,5,AD_up,1.0
Icam1,0.850712621821992,0.0018301253320035,5,5,AD_up,1.0
Itgb2,0.816401269471086,0.001653434170451,5,5,AD_up,1.0
Hcls1,1.0254191256527,0.0043667269439765,5,5,AD_up,1.0
Cyba,0.791803150540039,0.0043435492297277,5,5,AD_up,1.0
F11r,0.566615802123479,0.0042600515127033,5,5,AD_up,1.0
Vav1,0.785727944386315,0.0036944144907367,5,5,AD_up,1.0
Ctsh,0.733821119747815,0.0036476752261329,5,5,AD_up,1.0
Irf9,0.590109893260026,0.0033841622309075,5,5,AD_up,1.0
Serpina3n,1.33421508709057,0.0032092623719466,5,5,AD_up,1.0
Cd37,0.913233618531301,0.0032026813358608,5,5,AD_up,1.0
Pros1,0.447492136582528,0.0030227359310811,5,5,AD_up,1.0
Tlr13,1.1797546471994,0.0029356928176327,5,5,AD_up,1.0
Samsn1,0.938537403025144,0.0028866387244242,5,5,AD_up,1.0
Sp110,0.946465138843816,0.0027986078041799,5,5,AD_up,1.0
Bst2,1.0816368377859,0.0071912862632032,5,5,AD_up,1.0
Ifit3,0.92810345033011,0.0069132077782255,5,5,AD_up,1.0
Zc3hav1,0.68587666957114,0.0066919616278865,5,5,AD_up,1.0
Ncf2,0.713112155470135,0.0064073344975954,5,5,AD_up,1.0
Pag1,0.433029636726587,0.0062681032383396,5,5,AD_up,1.0
Snx20,0.662445584544931,0.0062681032383396,5,5,AD_up,1.0
Pithd1,-0.263761833092335,0.0062613591724619,5,5,AD_down,1.0
Clec5a,1.05984997877977,0.0058013536510554,5,5,AD_up,1.0
Blnk,0.621650463240033,0.0052899075266339,5,5,AD_up,1.0
Fcgr3,1.03858067118027,0.0051048700321282,5,5,AD_up,1.0
Gm37168,1.05948956812517,0.0049837306267149,5,5,AD_up,1.0
H2-Q4,1.14870934154933,0.0046964442692444,5,5,AD_up,1.0
Elf4,0.836065462757289,0.004677564035106,5,5,AD_up,1.0
B2m,0.743137419958318,0.0045110297734412,5,5,AD_up,1.0
Epsti1,0.819944469601622,0.0087726821946711,5,5,AD_up,1.0
Tmem140,0.651259910325354,0.0084522018976815,5,5,AD_up,1.0
Trim30d,0.932844388074368,0.0083656391061493,5,5,AD_up,1.0
Smim18,-0.391560351889846,0.0083656391061493,5,5,AD_down,1.0
Lcp2,0.674745541549041,0.008245186429891,5,5,AD_up,1.0
Plxdc2,0.39721481761687,0.0082055264533587,5,5,AD_up,1.0
Vsir,0.699412360462319,0.0080231907715187,5,5,AD_up,1.0
Lgals3bp,0.904223741026325,0.007763879376237,5,5,AD_up,1.0
Fcgr1,0.866573519558553,0.0075712529689225,5,5,AD_up,1.0
Usp18,1.53097780510406,0.0075075704022273,5,5,AD_up,1.0
Laptm5,0.981282219122205,0.0073617772888011,5,5,AD_up,1.0
Cxcl16,0.820721125548592,0.0073617772888011,5,5,AD_up,1.0
Gpr183,0.826294554592389,0.0073617772888011,5,5,AD_up,1.0
Hk3,0.734984558013071,0.0072121659084418,5,5,AD_up,1.0
Usp24,0.241470286727822,0.0072110024465259,5,5,AD_up,1.0
Tmem252,1.32433764725987,0.0103070830041608,5,5,AD_up,1.0
Cxcl10,1.80149778050564,0.0100688643988392,5,5,AD_up,1.0
H2-Ob,1.12395230099493,0.0100688643988392,5,5,AD_up,1.0
Wfdc17,1.3947927242054,0.0100688643988392,5,5,AD_up,1.0
Trim12c,0.709933166627558,0.0100688643988392,5,5,AD_up,1.0
Spi1,0.795652956349255,0.0093173927975537,5,5,AD_up,1.0
Il6ra,0.555187410791184,0.0093155634050498,5,5,AD_up,1.0
Ets1,0.422224516015852,0.009118787326979,5,5,AD_up,1.0
Scgb3a1,1.3683877132052,0.0088986930383087,5,5,AD_up,1.0
Fli1,0.704861670847008,0.0088986930383087,5,5,AD_up,1.0
Tgfbr1,0.549287633802184,0.0088986930383087,5,5,AD_up,1.0
Entpd1,0.604799821940875,0.0088986930383087,5,5,AD_up,1.0
Nsdhl,0.38409516157396,0.0088600638030332,5,5,AD_up,1.0
C130050O18Rik,0.663383083341957,0.0252070317238573,5,5,AD_up,1.0
Amer2,-0.226676023466512,0.0232903931797955,5,5,AD_down,1.0
Capn3,0.573280896093677,0.022778898823546,5,5,AD_up,1.0
Cebpa,0.510938085897815,0.022778898823546,5,5,AD_up,1.0
Glrp1,0.977145799568825,0.022778898823546,5,5,AD_up,1.0
Rasgrp3,0.792495399712032,0.0217971892153375,5,5,AD_up,1.0
Slamf9,1.20981493480918,0.0217380311763905,5,5,AD_up,1.0
C1qa,1.08496436299331,0.0212465806620277,5,5,AD_up,1.0
Elk3,0.45874804176554,0.020654603311069,5,5,AD_up,1.0
Tmem71,0.773025334432033,0.0199797221744987,5,5,AD_up,1.0
Fyb,0.741056929034389,0.0199797221744987,5,5,AD_up,1.0
Pon3,0.596819692118851,0.0197016927112872,5,5,AD_up,1.0
Irf7,1.23914596310945,0.0192953234966393,5,5,AD_up,1.0
Ggta1,0.818443891978536,0.0119365907795871,5,5,AD_up,1.0
Hvcn1,0.666694596007002,0.0116531077064341,5,5,AD_up,1.0
Ncf4,0.88264701057405,0.0116240796130384,5,5,AD_up,1.0
Tnfaip8l2,0.826346320466404,0.011215414649792,5,5,AD_up,1.0
Isg15,0.927024998822528,0.011215414649792,5,5,AD_up,1.0
Rnf213,0.656880978242143,0.0109465930258328,5,5,AD_up,1.0
Lsp1,0.792732557904136,0.0109435784165988,5,5,AD_up,1.0
Adcy7,0.464157407801737,0.0109435784165988,5,5,AD_up,1.0
H2-Q6,1.30488671200506,0.01077925444658,5,5,AD_up,1.0
Parp10,0.511359781688189,0.0106117868773396,5,5,AD_up,1.0
Srgn,0.81178873491003,0.0106117868773396,5,5,AD_up,1.0
Slco2b1,0.698805825854984,0.0106117868773396,5,5,AD_up,1.0
Slfn5,1.14906677601548,0.0142967875394102,5,5,AD_up,1.0
Gab2,0.297590542448463,0.0134570338651614,5,5,AD_up,1.0
H2-Q7,1.21190943606222,0.0127855446268903,5,5,AD_up,1.0
Ifi44,1.42714814188852,0.0127855446268903,5,5,AD_up,1.0
Xlr,0.666297327922884,0.0126334476741,5,5,AD_up,1.0
Plcg2,0.602527147792415,0.0126334476741,5,5,AD_up,1.0
Slc15a3,0.738167554144611,0.0125595471280919,5,5,AD_up,1.0
Gas2l3,0.530128546010955,0.0123015978243395,5,5,AD_up,1.0
Cyth4,0.732856341054854,0.0119758309412786,5,5,AD_up,1.0
Fblim1,0.866356290283994,0.0119758309412786,5,5,AD_up,1.0
Cyp4v3,0.45152065720529,0.0191879474241824,5,5,AD_up,1.0
Sp140,0.645730502237748,0.0190993239231551,5,5,AD_up,1.0
Irgm2,0.823491664046914,0.0173280430120214,5,5,AD_up,1.0
Gpr34,0.606785707118586,0.0173050557807776,5,5,AD_up,1.0
Epb41l2,0.360706945218284,0.0171638198498307,5,5,AD_up,1.0
Slc38a5,0.811183679154483,0.0168930178435085,5,5,AD_up,1.0
H2-K1,0.724892274802898,0.0162355906239657,5,5,AD_up,1.0
Il21r,0.822313037492879,0.0152580825998375,5,5,AD_up,1.0
Ulbp1,0.808669025043798,0.0143800698770692,5,5,AD_up,1.0
Ccl6,2.55822655020587,2.55087393066623e-07,5,5,AD_up,1.0
Rbm4b,-0.206377952757751,0.0470153102730402,5,5,AD_down,1.0
Stat1,0.471383196485018,0.0464014381528337,5,5,AD_up,1.0
Nfatc1,0.570729024578564,0.0464014381528337,5,5,AD_up,1.0
Ifitm3,0.812428001801174,0.0464014381528337,5,5,AD_up,1.0
Cst6,-0.610408299094407,0.0454138466183597,5,5,AD_down,1.0
Igsf6,0.533839560868553,0.0454138466183597,5,5,AD_up,1.0
Dennd1c,0.666633120308281,0.0443588563324109,5,5,AD_up,1.0
Cfh,0.540723654307401,0.0427904549573756,5,5,AD_up,1.0
Tyk2,0.174190009764417,0.0426403753283919,5,5,AD_up,1.0
Tgfbr2,0.844766162782493,1.19228357341049e-05,5,5,AD_up,1.0
Atf3,1.53532193354948,1.08600151245878e-05,5,5,AD_up,1.0
Tbxas1,0.997164449778943,9.59489309225005e-06,5,5,AD_up,1.0
Naip6,1.28200506683017,9.25326217390083e-06,5,5,AD_up,1.0
Ly86,1.38158641015594,3.97801288992797e-06,5,5,AD_up,1.0
AU020206,1.4846354681009,3.38472489317763e-06,5,5,AD_up,1.0
Fcgr2b,1.43056083980712,2.3073928692083e-06,5,5,AD_up,1.0
Myo1f,1.4437010769826,1.1721533620027e-06,5,5,AD_up,1.0
Csf3r,1.50378885469752,3.76538880700952e-07,5,5,AD_up,1.0
Ptprc,1.39017995906886,2.55087393066623e-07,5,5,AD_up,1.0
Hcar2,3.32117510368996,1.11763249061629e-06,5,4,AD_up,0.8
Bcl2a1b,2.08267282155569,3.3173087632881e-06,5,4,AD_up,0.8
Fam46c,1.70236882650457,3.38472489317763e-06,5,4,AD_up,0.8
Klhl6,1.48845902454944,6.32197800227114e-06,5,4,AD_up,0.8
Gpr65,2.56730869635582,9.59489309225005e-06,5,4,AD_up,0.8
Pdcd1,2.85295055063318,1.45428926975979e-05,5,4,AD_up,0.8
Mgmt,0.436317217817843,0.0440381815695784,5,4,AD_up,0.8
Lcn2,2.23240134363955,0.0454138466183597,5,4,AD_up,0.8
Psen1,0.410507136038372,0.0455736251871631,5,4,AD_up,0.8
Tifab,0.858160613235455,0.0464014381528337,5,4,AD_up,0.8
Mlxipl,0.556578676729154,0.0464014381528337,5,4,AD_up,0.8
Suclg2,0.279305313020162,0.0154710759974426,5,4,AD_up,0.8
Prelid2,0.583497802845134,0.0185377524738702,5,4,AD_up,0.8
Fgf2,0.572744772403987,0.0161886183409358,5,4,AD_up,0.8
Nckap1l,0.730629510038761,0.0190993239231551,5,4,AD_up,0.8
Plau,1.04060969916344,0.0140843127979833,5,4,AD_up,0.8
Trim56,0.664013381415235,0.0142967875394102,5,4,AD_up,0.8
Gvin1,1.49178957830642,0.0139663425154811,5,4,AD_up,0.8
Ppp1r18,0.524392959075404,0.0199797221744987,5,4,AD_up,0.8
Rbm47,0.860225823408727,0.0252070317238573,5,4,AD_up,0.8
Slfn8,1.13623010275255,0.008881623309416,5,4,AD_up,0.8
Dcstamp,2.15046558080813,0.0140843127979833,5,4,AD_up,0.8
5430427O19Rik,0.836424820010091,0.0106117868773396,5,4,AD_up,0.8
Lat2,0.625234561534615,0.0109435784165988,5,4,AD_up,0.8
Kynu,1.01896514251356,0.0109435784165988,5,4,AD_up,0.8
Serpinf2,0.902710711762415,0.0109435784165988,5,4,AD_up,0.8
Apobec3,0.760185695831197,0.0094081327080243,5,4,AD_up,0.8
1810011H11Rik,0.801555851947654,0.0199797221744987,5,4,AD_up,0.8
Lgals9,0.829313910530317,0.0011268445061059,5,4,AD_up,0.8
Lpxn,0.518367876708776,0.0316604202883369,5,4,AD_up,0.8
Lrmp,0.662914048623267,0.0044024809193044,5,4,AD_up,0.8
Nlrp3,0.995037058540859,0.0040766387263128,5,4,AD_up,0.8
Gm2245,0.936585170066457,0.0045202058649485,5,4,AD_up,0.8
Csf2rb,1.13224214125719,0.0056747525454658,5,4,AD_up,0.8
Lilrb4a,3.63670174364049,3.63954425010742e-10,5,4,AD_up,0.8
Smagp,0.657338300272198,0.033196703648079,5,4,AD_up,0.8
C030034L19Rik,0.645957616777765,0.0420152190990596,5,4,AD_up,0.8
Bex4,-0.500953077966106,0.0420152190990596,5,4,AD_down,0.8
Trim30a,0.867469740594236,0.0494380834735398,5,4,AD_up,0.8
Ch25h,1.4189468285621,3.66834190400046e-05,5,4,AD_up,0.8
Siglecf,1.71658946067574,0.0024586284776902,5,4,AD_up,0.8
Gm4070,1.58876907643943,0.0014925807632191,5,4,AD_up,0.8
Frrs1,0.807171652281164,0.0014285981948196,5,4,AD_up,0.8
Bcl2a1a,1.93214125493098,2.2846211596493e-05,5,4,AD_up,0.8
Ly9,2.10410167820808,0.0001032537844038,5,4,AD_up,0.8
Apobec1,1.15385287491096,1.64408860138305e-05,5,4,AD_up,0.8
Olfr110,2.4696930926819,8.43868084588509e-05,5,4,AD_up,0.8
Cd244,1.95033262909762,6.32095859820965e-05,5,4,AD_up,0.8
Lyz2,1.81363864373858,0.0004059343600327,5,4,AD_up,0.8
Cytip,1.94996076859665,0.0003724280825058,5,4,AD_up,0.8
Cysltr2,0.748569660828144,0.0322807082111348,5,3,AD_up,0.6
Fgfbp3,-0.525854972684279,0.0299394398646379,5,3,AD_down,0.6
Gm26522,0.837735259645984,0.0258725173177085,5,3,AD_up,0.6
AU022793,1.21982651960065,0.0123015978243395,5,3,AD_up,0.6
6030468B19Rik,0.880897353757011,0.015740015703553,5,3,AD_up,0.6
Gm11213,1.17355215679393,0.0468479881598547,5,3,AD_up,0.6
Ifi207,2.37327827286384,0.0032092623719466,5,3,AD_up,0.6
Gm20663,0.682831256755737,0.0083456953238641,5,3,AD_up,0.6
Olfr111,2.54388016222386,0.0103070830041608,5,3,AD_up,0.6
Gm46224,1.28549038842962,0.0005271860583885,5,3,AD_up,0.6
Itgam,0.914904954481326,0.0415291353512127,5,3,AD_up,0.6
Irf8,1.36565369266177,0.0030553930831373,5,3,AD_up,0.6
Gm5086,0.754517713215884,0.0374981992028666,5,3,AD_up,0.6
E530001K10Rik,-0.87427392996305,0.0191428901392812,5,2,AD_down,0.4
AI607873,3.1141388778226,0.0127855446268903,5,2,AD_up,0.4
1700112E06Rik,0.685814174678782,0.0143647733493,5,1,AD_up,0.2
