gene,log2FC,logCPM,pvalue,padj,n_datasets_tested,n_datasets_same_direction,fraction_consistent
Ccl3,4.62944703252118,0.824973915858095,1.27079442206415e-20,2.62152181327614e-16,5.0,5.0,1.0
Itgax,4.65878603403521,-0.155054563243819,1.12052781153042e-15,1.15576841120306e-11,5.0,5.0,1.0
Ccl4,4.38719676786427,0.854304229342211,5.48062254365595e-14,3.63954425010742e-10,5.0,5.0,1.0
Lilrb4a,3.63670174364049,0.64345498635717,7.05714140308773e-14,3.63954425010742e-10,5.0,4.0,0.8
Plaur,2.13572130544356,0.553683038455669,2.50282982679799e-12,9.34982014765758e-09,5.0,5.0,1.0
Cst7,4.84619264006553,3.00489883520575,2.71942027659826e-12,9.34982014765758e-09,5.0,5.0,1.0
Gm26714,3.02051592116009,0.354225238994428,1.1813405456896798e-11,3.48141058814748e-08,5.0,5.0,1.0
Ctse,2.58913750586626,-0.443667723008274,2.5161387693440797e-11,6.48817833409989e-08,5.0,5.0,1.0
Asb10,2.85533287926841,-0.649041974382183,4.4722955824504394e-11,1.02509983967078e-07,5.0,5.0,1.0
Tnfsf8,2.35179200457542,0.721074486451488,1.26624365426195e-10,2.55087393066623e-07,5.0,5.0,1.0
Ccl6,2.55822655020587,1.32039359392875,1.47857581408259e-10,2.55087393066623e-07,5.0,5.0,1.0
Ptprc,1.39017995906886,3.20549618820753,1.48385705404987e-10,2.55087393066623e-07,5.0,5.0,1.0
Csf3r,1.50378885469752,3.30220412695817,2.37287578123631e-10,3.76538880700952e-07,5.0,5.0,1.0
Hcar2,3.32117510368996,-2.13782374205934,7.584882868111901e-10,1.11763249061629e-06,5.0,4.0,0.8
Myo1f,1.4437010769826,3.47311241158316,8.52309875904817e-10,1.1721533620027e-06,5.0,5.0,1.0
Fcgr2b,1.43056083980712,1.75964349845322,1.7896304186985702e-09,2.3073928692083e-06,5.0,5.0,1.0
Bcl2a1b,2.08267282155569,0.373027504844871,2.73373643782528e-09,3.3173087632881e-06,5.0,4.0,0.8
AU020206,1.4846354681009,2.66151378154665,3.11744500316908e-09,3.38472489317763e-06,5.0,5.0,1.0
Fam46c,1.70236882650457,0.992942847479939,3.0527869351285404e-09,3.38472489317763e-06,5.0,4.0,0.8
Ly86,1.38158641015594,4.37175272321323,3.85671907501864e-09,3.97801288992797e-06,5.0,5.0,1.0
Klhl6,1.48845902454944,1.42235892377194,6.435674925963161e-09,6.32197800227114e-06,5.0,4.0,0.8
Naip6,1.28200506683017,0.17718481528215,9.86823247980117e-09,9.25326217390083e-06,5.0,5.0,1.0
Tbxas1,0.997164449778943,3.48775683096229,1.11468264546187e-08,9.59489309225005e-06,5.0,5.0,1.0
Gpr65,2.56730869635582,-1.57700088749504,1.11628016003685e-08,9.59489309225005e-06,5.0,4.0,0.8
Atf3,1.53532193354948,0.0166920467161696,1.31611022402779e-08,1.08600151245878e-05,5.0,5.0,1.0
Tgfbr2,0.844766162782493,4.1746299568987,1.50270846423349e-08,1.19228357341049e-05,5.0,5.0,1.0
Pdcd1,2.85295055063318,-1.34329560549947,1.903427712614e-08,1.45428926975979e-05,5.0,4.0,0.8
Cd274,1.06308887006287,0.602452776290147,2.08591776263437e-08,1.53679991162087e-05,5.0,5.0,1.0
C4b,1.65029637756615,5.28562477789679,2.3436683179507e-08,1.64408860138305e-05,5.0,5.0,1.0
Apobec1,1.15385287491096,2.53768799850328,2.39093790496347e-08,1.64408860138305e-05,5.0,4.0,0.8
St14,1.92325790488662,-0.305071904603755,2.53017004005966e-08,1.68370573407712e-05,5.0,5.0,1.0
Bcl2a1a,1.93214125493098,-1.12558622968715,3.54393703566715e-08,2.2846211596493e-05,5.0,4.0,0.8
Cd84,1.4676820293444,2.99607556151044,4.14081803664021e-08,2.5885131902379e-05,5.0,5.0,1.0
Arl11,1.75325743485137,-0.375377111676185,4.27801206014443e-08,2.59562090555057e-05,5.0,5.0,1.0
Ctsc,0.790790283564424,3.02694539561576,4.77452865980721e-08,2.74066608902985e-05,5.0,5.0,1.0
Tyrobp,1.87309912002231,4.52806814933596,4.78278051311622e-08,2.74066608902985e-05,5.0,5.0,1.0
Runx1,1.31832357685721,3.6466533934606,6.5460937169939e-08,3.64971262940181e-05,5.0,5.0,1.0
Ch25h,1.4189468285621,-0.0115597354934491,6.75733154064751e-08,3.66834190400046e-05,5.0,4.0,0.8
Dock2,0.966551927694709,3.58369318746542,1.03371441235528e-07,5.39165161995994e-05,5.0,5.0,1.0
Cd48,1.42755888652019,1.19994614690257,1.04545089339472e-07,5.39165161995994e-05,5.0,5.0,1.0
Naip5,1.10182739173405,0.751495288806768,1.12139076480511e-07,5.6422366066255e-05,5.0,5.0,1.0
Lcp1,0.632549900617195,3.06889274446197,1.20667300885751e-07,5.92677559517179e-05,5.0,5.0,1.0
Bcl3,1.44675226617102,-0.21077973965559,1.31966065284942e-07,6.32095859820965e-05,5.0,5.0,1.0
Cd244,1.95033262909762,-0.99806896178408,1.34820969664659e-07,6.32095859820965e-05,5.0,4.0,0.8
Trem2,1.76018091893052,4.65525215644914,1.60498921566185e-07,7.35762722886405e-05,5.0,5.0,1.0
Olfr110,2.4696930926819,-0.449168000254124,1.88171660725539e-07,8.43868084588509e-05,5.0,4.0,0.8
Ly9,2.10410167820808,-0.902820626113099,2.35247848513245e-07,0.0001032537844038,5.0,4.0,0.8
Apbb1ip,0.853226200460402,4.36004969351766,2.45076950581083e-07,0.000105326925282,5.0,5.0,1.0
Cd180,1.28237637503338,2.63058588489163,2.75817903312814e-07,0.0001161193372946,5.0,5.0,1.0
Phf11d,1.5288894977331,-0.400735461416878,3.72187265542033e-07,0.0001535570220173,5.0,5.0,1.0
Havcr2,1.17677823888549,2.10045788219209,3.99021503340783e-07,0.0001614002861258,5.0,5.0,1.0
Ifi204,2.39941272416229,0.206016361947595,4.20674681411269e-07,0.0001668865000544,5.0,5.0,1.0
Lair1,0.772941543438826,4.01746460347187,4.48350280345369e-07,0.0001733791301869,5.0,5.0,1.0
C3ar1,1.23941524218324,1.29102890686858,4.53850066900657e-07,0.0001733791301869,5.0,5.0,1.0
Slamf6,1.2718892631452,0.135971950210394,4.67138676851112e-07,0.0001752109775411,5.0,5.0,1.0
Gfap,1.42952804213862,7.23604160774953,5.01133516177249e-07,0.0001846050590217,5.0,5.0,1.0
Anxa3,0.997764541094409,3.69413838520426,5.39062358667019e-07,0.0001925378489233,5.0,5.0,1.0
Rasal3,1.14335984004136,1.63497462396306,5.44734874404919e-07,0.0001925378489233,5.0,5.0,1.0
Ctss,1.32740030464961,5.14232565147505,5.50668141280652e-07,0.0001925378489233,5.0,5.0,1.0
Ifit1,1.15856961380566,1.80709912330969,6.52276468977209e-07,0.0002242635213088,5.0,5.0,1.0
Naip2,1.15595436654732,1.08975551379765,6.88303603597338e-07,0.0002305739514498,5.0,5.0,1.0
Fgr,1.7150237773689,0.188105538524565,6.92984875170325e-07,0.0002305739514498,5.0,5.0,1.0
Cd68,1.17041720463714,3.17765558168648,7.77468232742004e-07,0.0002545776535434,5.0,5.0,1.0
Plek,0.44893678202623,3.80708106791693,8.11208312662761e-07,0.0002599192230727,5.0,5.0,1.0
Gngt2,1.0232763362632,0.777118744388278,8.18980537094943e-07,0.0002599192230727,5.0,5.0,1.0
Cd14,1.37503961030453,1.29269829657612,8.98045421569078e-07,0.0002806936212355,5.0,5.0,1.0
Osmr,1.24599852239302,2.21087469748345,1.21894878635395e-06,0.0003724280825058,5.0,5.0,1.0
Cytip,1.94996076859665,-1.31728536776523,1.23118597449521e-06,0.0003724280825058,5.0,4.0,0.8
Traf3ip3,0.922728232072883,0.91793691695082,1.24569963124275e-06,0.0003724280825058,5.0,5.0,1.0
Arhgap30,0.886698760593207,1.80072481776589,1.27533155545685e-06,0.0003758402093931,5.0,5.0,1.0
Mir142hg,0.856301650942756,2.40529029487743,1.40141582736792e-06,0.000403523919106,5.0,5.0,1.0
Ptpn6,0.989147316577376,1.05349080654654,1.40839217488161e-06,0.000403523919106,5.0,5.0,1.0
Lyz2,1.81363864373858,3.27757353913788,1.43648302304492e-06,0.0004059343600327,5.0,4.0,0.8
Tlr1,1.20419803473189,-0.681796752704156,1.49702039825529e-06,0.0004173247810217,5.0,5.0,1.0
Ucp2,0.832208944628773,2.17655501635294,1.60400361048946e-06,0.0004411865397438,5.0,5.0,1.0
Sbno2,0.434369900732775,4.5558511363133,1.72932657626296e-06,0.0004693983939701,5.0,5.0,1.0
Gpnmb,0.965420541386578,2.19029847592425,1.86157548569705e-06,0.0004987329960317,5.0,5.0,1.0
Trim14,0.746934650459332,1.74303559477408,1.99425248027519e-06,0.0005271860583885,5.0,5.0,1.0
Gm46224,1.28549038842962,0.46690222561476,2.02089969619928e-06,0.0005271860583885,5.0,3.0,0.6
Casp4,0.976307805010334,0.166851667822592,2.05195727662521e-06,0.0005271860583885,5.0,5.0,1.0
Nlrc5,1.54140784270864,0.983936924005013,2.0840150939503e-06,0.0005271860583885,5.0,5.0,1.0
Rgs1,1.66443777283706,-0.8011331692375,2.09555755430989e-06,0.0005271860583885,5.0,5.0,1.0
Fes,0.852579044685982,1.62273823535447,2.22591391522462e-06,0.0005532334717731,5.0,5.0,1.0
9930111J21Rik2,1.26730651193942,0.770815271810003,2.35789323786513e-06,0.0005743584488829,5.0,5.0,1.0
Fcer1g,1.11545506309712,3.98145988531174,2.36659402564616e-06,0.0005743584488829,5.0,5.0,1.0
Tlr2,1.43797045993834,-0.219673214152974,2.50827834603446e-06,0.0006016659767481,5.0,5.0,1.0
Ikzf1,0.865434708706149,3.36081059006274,2.65354498919165e-06,0.0006291951676095,5.0,5.0,1.0
Tlr7,1.01266574040192,1.29851522831271,2.70988463221577e-06,0.0006352523872497,5.0,5.0,1.0
Renbp,0.750696596504055,1.60208269251555,2.94192643135945e-06,0.0006818988803653,5.0,5.0,1.0
Ifih1,0.782631501007689,1.58406787553088,3.02857788943737e-06,0.0006941837031244,5.0,5.0,1.0
Rab7b,1.40729319389276,-0.0566276319466141,3.69579644947656e-06,0.0008378086258928,5.0,5.0,1.0
Tec,0.873710526296845,2.17515074631849,3.94118034691226e-06,0.0008837240149614,5.0,5.0,1.0
Abi3,0.983938960284816,2.60074267046584,5.04342345409584e-06,0.001118718090694,5.0,5.0,1.0
Lgals9,0.829313910530317,2.35424254824291,5.13468338620167e-06,0.0011268445061059,5.0,4.0,0.8
Hk2,0.8623372969608,2.62048518724709,5.70288072382557e-06,0.0012383655415978,5.0,5.0,1.0
Oasl2,1.4332301223654,2.1626946327154,6.00365945055573e-06,0.0012900988625574,5.0,5.0,1.0
Psmb8,0.901596266259875,2.0035846851516,6.30131975360071e-06,0.0013239846304097,5.0,5.0,1.0
Psmb9,0.908317691173201,1.34375843523133,6.30267770154296e-06,0.0013239846304097,5.0,5.0,1.0
Gm4951,1.48796920349297,1.07205420846848,6.35389395562367e-06,0.0013239846304097,5.0,5.0,1.0
Mamdc2,0.517926840898829,3.28340254399147,6.48632333141036e-06,0.0013380636400366,5.0,5.0,1.0
Cd86,0.916114484644486,2.20455481543306,6.84010113874358e-06,0.0013970737266449,5.0,5.0,1.0
Parp14,1.02548021673695,2.0928326782938,6.90829896399561e-06,0.0013971696012575,5.0,5.0,1.0
Pik3cg,0.870602240154963,1.19776812806351,7.05819757444794e-06,0.0014136267744008,5.0,5.0,1.0
Frrs1,0.807171652281164,2.5673342918726,7.20220137967156e-06,0.0014285981948196,5.0,4.0,0.8
Sh3bp2,0.853367714523708,2.13594144767347,7.52129156720506e-06,0.0014776830832368,5.0,5.0,1.0
Capg,1.25168010448084,0.833234058636089,7.70811760660035e-06,0.0014918206905385,5.0,5.0,1.0
Hexb,0.657469993619371,6.27054518247333,7.73788423518444e-06,0.0014918206905385,5.0,5.0,1.0
Gm4070,1.58876907643943,-0.0853889698737535,7.81418015549332e-06,0.0014925807632191,5.0,4.0,0.8
Itgb2,0.816401269471086,0.83646476448637,8.73645472776962e-06,0.001653434170451,5.0,5.0,1.0
Icam1,0.850712621821992,1.34995616757455,9.75877582628317e-06,0.0018301253320035,5.0,5.0,1.0
Cd53,0.849135966294541,2.12979692176446,1.00714010089817e-05,0.0018717381208494,5.0,5.0,1.0
Arhgap9,1.19522665360568,-0.572167538094982,1.0354960923031e-05,0.0019072543650107,5.0,5.0,1.0
Irf5,0.776349113521916,1.60560844415393,1.10230539309905e-05,0.0020123414118796,5.0,5.0,1.0
Ddx60,1.1685846499683,1.88979414294068,1.13961920455171e-05,0.0020622109272541,5.0,5.0,1.0
Rtp4,0.731724428064314,2.77571112402534,1.15285157500797e-05,0.0020680152296382,5.0,5.0,1.0
Pik3ap1,0.854790664854719,2.3308807344884,1.20478712440135e-05,0.0021425477232133,5.0,5.0,1.0
Oas1a,1.78000056429305,-0.540330244183173,1.32606552560852e-05,0.002338068865622,5.0,5.0,1.0
Siglecf,1.71658946067574,-1.44264173949038,1.40636075605917e-05,0.0024586284776902,5.0,4.0,0.8
Itpripl2,0.711417314826654,0.868984655847434,1.5148487889295e-05,0.0026260349299854,5.0,5.0,1.0
Rin3,0.686417450365746,2.14588858958342,1.53609844489355e-05,0.0026406812349757,5.0,5.0,1.0
Inpp5d,0.829652300381551,4.73077333269622,1.59354655360451e-05,0.00271354105431,5.0,5.0,1.0
St8sia6,0.718359063856473,2.30838030221907,1.60478941599606e-05,0.00271354105431,5.0,5.0,1.0
Mpeg1,1.28900189634265,1.88861423102698,1.67549214329268e-05,0.0027986078041799,5.0,5.0,1.0
Sp110,0.946465138843816,0.950999194425153,1.68223068359256e-05,0.0027986078041799,5.0,5.0,1.0
Samsn1,0.938537403025144,2.24171111373415,1.74913878788614e-05,0.0028866387244242,5.0,5.0,1.0
Tlr13,1.1797546471994,-0.604379269776624,1.79309367890698e-05,0.0029356928176327,5.0,5.0,1.0
Pros1,0.447492136582528,3.95008192206558,1.86091164500122e-05,0.0030227359310811,5.0,5.0,1.0
Irf8,1.36565369266177,1.8976527866175,1.89582778923643e-05,0.0030553930831373,5.0,3.0,0.6
Cd37,0.913233618531301,2.96106993938517,2.00274318835644e-05,0.0032026813358608,5.0,5.0,1.0
Ifi207,2.37327827286384,-0.566005396564361,2.02829873458325e-05,0.0032092623719466,5.0,3.0,0.6
Serpina3n,1.33421508709057,2.87435646712155,2.03797261488687e-05,0.0032092623719466,5.0,5.0,1.0
Irf9,0.590109893260026,3.46232174487817,2.16544386291046e-05,0.0033841622309075,5.0,5.0,1.0
Ctsh,0.733821119747815,3.83996093146356,2.35174174742197e-05,0.0036476752261329,5.0,5.0,1.0
Vav1,0.785727944386315,1.7685136827571,2.39978448668728e-05,0.0036944144907367,5.0,5.0,1.0
Nlrp3,0.995037058540859,-0.147260542011121,2.66782795119607e-05,0.0040766387263128,5.0,4.0,0.8
F11r,0.566615802123479,2.88394435153171,2.80850746874623e-05,0.0042600515127033,5.0,5.0,1.0
Cyba,0.791803150540039,3.82121540763268,2.88461023061078e-05,0.0043435492297277,5.0,5.0,1.0
Hcls1,1.0254191256527,0.344921875327128,2.92117077060816e-05,0.0043667269439765,5.0,5.0,1.0
Lrmp,0.662914048623267,1.6536759637007,2.96643001494655e-05,0.0044024809193044,5.0,4.0,0.8
B2m,0.743137419958318,6.18622267243516,3.061438597517e-05,0.0045110297734412,5.0,5.0,1.0
Gm2245,0.936585170066457,0.457961813696451,3.08957790953386e-05,0.0045202058649485,5.0,4.0,0.8
Elf4,0.836065462757289,1.50083201045739,3.21980751846941e-05,0.004677564035106,5.0,5.0,1.0
H2-Q4,1.14870934154933,1.39843575475289,3.25556997674125e-05,0.0046964442692444,5.0,5.0,1.0
Gm37168,1.05948956812517,0.832095457960844,3.47887541929786e-05,0.0049837306267149,5.0,5.0,1.0
Fcgr3,1.03858067118027,2.30444375340762,3.58818243569053e-05,0.0051048700321282,5.0,5.0,1.0
Blnk,0.621650463240033,3.51475502585514,3.74388724072206e-05,0.0052899075266339,5.0,5.0,1.0
Csf2rb,1.13224214125719,0.338937689899009,4.04376665947683e-05,0.0056747525454658,5.0,4.0,0.8
Clec5a,1.05984997877977,-0.350579807696689,4.16210354528193e-05,0.0058013536510554,5.0,5.0,1.0
Pithd1,-0.263761833092335,4.62410135609302,4.52248056957116e-05,0.0062613591724619,5.0,5.0,1.0
Snx20,0.662445584544931,1.50231460059127,4.5774823908013e-05,0.0062681032383396,5.0,5.0,1.0
Pag1,0.433029636726587,6.28967105816773,4.58812152304665e-05,0.0062681032383396,5.0,5.0,1.0
Ncf2,0.713112155470135,2.52811983838822,4.72109575662659e-05,0.0064073344975954,5.0,5.0,1.0
Zc3hav1,0.68587666957114,3.0376989068023,4.96325623668932e-05,0.0066919616278865,5.0,5.0,1.0
Ifit3,0.92810345033011,1.75728125496554,5.16086091350397e-05,0.0069132077782255,5.0,5.0,1.0
Bst2,1.0816368377859,2.9442603300094,5.40331267049544e-05,0.0071912862632032,5.0,5.0,1.0
Usp24,0.241470286727822,6.30484171557091,5.45308246477315e-05,0.0072110024465259,5.0,5.0,1.0
Hk3,0.734984558013071,0.903654905464674,5.48892359118412e-05,0.0072121659084418,5.0,5.0,1.0
Gpr183,0.826294554592389,2.31514042216591,5.6594030676754e-05,0.0073617772888011,5.0,5.0,1.0
Cxcl16,0.820721125548592,-0.0399166816275785,5.69904447954925e-05,0.0073617772888011,5.0,5.0,1.0
Laptm5,0.981282219122205,3.66989615873695,5.70984713853401e-05,0.0073617772888011,5.0,5.0,1.0
Usp18,1.53097780510406,1.18554727520783,5.85931860370644e-05,0.0075075704022273,5.0,5.0,1.0
Fcgr1,0.866573519558553,1.15122184945104,5.94572194951504e-05,0.0075712529689225,5.0,5.0,1.0
Lgals3bp,0.904223741026325,2.87101416453535,6.13462765197847e-05,0.007763879376237,5.0,5.0,1.0
Vsir,0.699412360462319,3.21930379343461,6.37841527233054e-05,0.0080231907715187,5.0,5.0,1.0
Plxdc2,0.39721481761687,7.63699583931068,6.56314830968152e-05,0.0082055264533587,5.0,5.0,1.0
Lcp2,0.674745541549041,1.87861079704517,6.63483904872712e-05,0.008245186429891,5.0,5.0,1.0
Gm20663,0.682831256755737,0.553743915054783,6.75617392547048e-05,0.0083456953238641,5.0,3.0,0.6
Smim18,-0.391560351889846,4.00565528900364,6.82478454799977e-05,0.0083656391061493,5.0,5.0,1.0
Trim30d,0.932844388074368,1.39557198379305,6.85342483367705e-05,0.0083656391061493,5.0,5.0,1.0
Tmem140,0.651259910325354,1.54004805679432,6.96531253384001e-05,0.0084522018976815,5.0,5.0,1.0
Epsti1,0.819944469601622,1.8816624126524,7.27194074016566e-05,0.0087726821946711,5.0,5.0,1.0
Nsdhl,0.38409516157396,4.36511163604486,7.3873235451147e-05,0.0088600638030332,5.0,5.0,1.0
Slfn8,1.13623010275255,0.673258535632016,7.44835344674479e-05,0.008881623309416,5.0,4.0,0.8
Entpd1,0.604799821940875,3.87458930324546,7.52664488873658e-05,0.0088986930383087,5.0,5.0,1.0
Tgfbr1,0.549287633802184,5.73433158451438,7.57607947643495e-05,0.0088986930383087,5.0,5.0,1.0
Fli1,0.704861670847008,4.05149546017547,7.61523564199432e-05,0.0088986930383087,5.0,5.0,1.0
Scgb3a1,1.3683877132052,-1.40551429601208,7.63521580193245e-05,0.0088986930383087,5.0,5.0,1.0
Ets1,0.422224516015852,3.34546450047443,7.86826382375427e-05,0.009118787326979,5.0,5.0,1.0
Il6ra,0.555187410791184,3.35847381872704,8.08321222310299e-05,0.0093155634050498,5.0,5.0,1.0
Spi1,0.795652956349255,2.33495184993209,8.12996608444262e-05,0.0093173927975537,5.0,5.0,1.0
Apobec3,0.760185695831197,2.97506360758369,8.25474826774159e-05,0.0094081327080243,5.0,4.0,0.8
Trim12c,0.709933166627558,1.35996315947179,8.92963196211945e-05,0.0100688643988392,5.0,5.0,1.0
Wfdc17,1.3947927242054,-0.279388125690161,8.9605517531017e-05,0.0100688643988392,5.0,5.0,1.0
H2-Ob,1.12395230099493,-0.838562927084755,8.9873775809343e-05,0.0100688643988392,5.0,5.0,1.0
Cxcl10,1.80149778050564,-0.985980276390314,9.02971503119516e-05,0.0100688643988392,5.0,5.0,1.0
Tmem252,1.32433764725987,0.528470133266136,9.32022500941849e-05,0.0103070830041608,5.0,5.0,1.0
Olfr111,2.54388016222386,0.900217400773564,9.34327656104545e-05,0.0103070830041608,5.0,3.0,0.6
Slco2b1,0.698805825854984,3.78822712655181,9.6733619883338e-05,0.0106117868773396,5.0,5.0,1.0
Srgn,0.81178873491003,2.89152287118994,9.7697754044881e-05,0.0106117868773396,5.0,5.0,1.0
5430427O19Rik,0.836424820010091,-0.0042734051136134,9.81559164823237e-05,0.0106117868773396,5.0,4.0,0.8
Parp10,0.511359781688189,1.27578971589443,9.82525228354188e-05,0.0106117868773396,5.0,5.0,1.0
H2-Q6,1.30488671200506,-0.0644137494284614,0.0001003256024888,0.01077925444658,5.0,5.0,1.0
Adcy7,0.464157407801737,2.67007002375324,0.0001040262955868,0.0109435784165988,5.0,5.0,1.0
Lat2,0.625234561534615,1.7563769362864,0.0001038805553606,0.0109435784165988,5.0,4.0,0.8
Kynu,1.01896514251356,-0.157817196977735,0.0001036015412572,0.0109435784165988,5.0,4.0,0.8
Lsp1,0.792732557904136,0.636361100073504,0.0001045074869392,0.0109435784165988,5.0,5.0,1.0
Serpinf2,0.902710711762415,-0.818523346103342,0.0001033243443594,0.0109435784165988,5.0,4.0,0.8
Rnf213,0.656880978242143,3.50702355434474,0.0001050669164338,0.0109465930258328,5.0,5.0,1.0
Tnfaip8l2,0.826346320466404,0.364153031921337,0.000108734448105,0.011215414649792,5.0,5.0,1.0
Isg15,0.927024998822528,2.32264389555439,0.0001082864142577,0.011215414649792,5.0,5.0,1.0
Ncf4,0.88264701057405,-0.373090053428439,0.0001132599739309,0.0116240796130384,5.0,5.0,1.0
Hvcn1,0.666694596007002,1.25035941631848,0.0001141077006495,0.0116531077064341,5.0,5.0,1.0
Ggta1,0.818443891978536,2.63613230800418,0.0001174622099111,0.0119365907795871,5.0,5.0,1.0
Fblim1,0.866356290283994,1.49612704998308,0.000118820069286,0.0119758309412786,5.0,5.0,1.0
Cyth4,0.732856341054854,3.59641589850202,0.0001190094208619,0.0119758309412786,5.0,5.0,1.0
AU022793,1.21982651960065,-0.86514133747457,0.0001228773951615,0.0123015978243395,5.0,3.0,0.6
Gas2l3,0.530128546010955,1.72467329204315,0.0001234393693168,0.0123015978243395,5.0,5.0,1.0
Slc15a3,0.738167554144611,1.45074586927724,0.0001266365700054,0.0125595471280919,5.0,5.0,1.0
Xlr,0.666297327922884,-0.17964927560587,0.0001286065253556,0.0126334476741,5.0,5.0,1.0
Plcg2,0.602527147792415,2.96927962633948,0.0001284440641913,0.0126334476741,5.0,5.0,1.0
H2-Q7,1.21190943606222,1.13400302891706,0.0001317348731472,0.0127855446268903,5.0,5.0,1.0
Ifi44,1.42714814188852,-0.309559895226946,0.0001310778283825,0.0127855446268903,5.0,5.0,1.0
AI607873,3.1141388778226,-3.20139086276842,0.0001320142035739,0.0127855446268903,5.0,2.0,0.4
Gab2,0.297590542448463,6.41854460244195,0.0001395998471639,0.0134570338651614,5.0,5.0,1.0
Gvin1,1.49178957830642,-0.719243314754313,0.000145560310283,0.0139663425154811,5.0,4.0,0.8
Dcstamp,2.15046558080813,-1.5710373763718,0.0001480363764218,0.0140843127979833,5.0,4.0,0.8
Plau,1.04060969916344,-0.0156622801671079,0.0001481553093781,0.0140843127979833,5.0,4.0,0.8
Trim56,0.664013381415235,1.50000290258077,0.0001513782639416,0.0142967875394102,5.0,4.0,0.8
Slfn5,1.14906677601548,1.58766227373307,0.0001517764540758,0.0142967875394102,5.0,5.0,1.0
1700112E06Rik,0.685814174678782,3.18619260509679,0.0001531945386032,0.0143647733493,5.0,1.0,0.2
Ulbp1,0.808669025043798,-0.716292171188491,0.0001540547502463,0.0143800698770692,5.0,5.0,1.0
Il21r,0.822313037492879,1.07044960655078,0.0001642006077446,0.0152580825998375,5.0,5.0,1.0
Suclg2,0.279305313020162,3.48584497237733,0.0001672427140156,0.0154710759974426,5.0,4.0,0.8
6030468B19Rik,0.880897353757011,-0.196925862096758,0.0001709129631875,0.015740015703553,5.0,3.0,0.6
Fgf2,0.572744772403987,1.7028249844434,0.000176568865515,0.0161886183409358,5.0,4.0,0.8
H2-K1,0.724892274802898,4.99013951696155,0.0001778682185765,0.0162355906239657,5.0,5.0,1.0
Slc38a5,0.811183679154483,1.48998080731125,0.0001858895269027,0.0168930178435085,5.0,5.0,1.0
Epb41l2,0.360706945218284,5.63930461079458,0.000189701436122,0.0171638198498307,5.0,5.0,1.0
Gpr34,0.606785707118586,3.35857483702873,0.0001921013027193,0.0173050557807776,5.0,5.0,1.0
Irgm2,0.823491664046914,1.37465369242914,0.0001931964657891,0.0173280430120214,5.0,5.0,1.0
Prelid2,0.583497802845134,0.864546241657808,0.0002075825692696,0.0185377524738702,5.0,4.0,0.8
Nckap1l,0.730629510038761,2.59071807527964,0.0002148005222088,0.0190993239231551,5.0,4.0,0.8
Sp140,0.645730502237748,0.583651024957732,0.0002157226464731,0.0190993239231551,5.0,5.0,1.0
E530001K10Rik,-0.87427392996305,0.828323249126444,0.0002171426774245,0.0191428901392812,5.0,2.0,0.4
Cyp4v3,0.45152065720529,1.82352988319327,0.0002185839180126,0.0191879474241824,5.0,5.0,1.0
Irf7,1.23914596310945,0.87669039063812,0.0002207424666831,0.0192953234966393,5.0,5.0,1.0
Pon3,0.596819692118851,1.70959116195415,0.0002263464623866,0.0197016927112872,5.0,5.0,1.0
Fyb,0.741056929034389,4.44388152542045,0.00023159162992,0.0199797221744987,5.0,5.0,1.0
1810011H11Rik,0.801555851947654,0.940627234201665,0.0002323265745969,0.0199797221744987,5.0,4.0,0.8
Tmem71,0.773025334432033,-0.585826100874736,0.0002333003325733,0.0199797221744987,5.0,5.0,1.0
Ppp1r18,0.524392959075404,1.19922411603777,0.0002334147580616,0.0199797221744987,5.0,4.0,0.8
Elk3,0.45874804176554,3.90168314075199,0.0002423003539327,0.020654603311069,5.0,5.0,1.0
C1qa,1.08496436299331,5.74773411694001,0.0002502748121999,0.0212465806620277,5.0,5.0,1.0
Slamf9,1.20981493480918,-0.771676158006042,0.0002571176308613,0.0217380311763905,5.0,5.0,1.0
Rasgrp3,0.792495399712032,4.6130764127032,0.0002588739811797,0.0217971892153375,5.0,5.0,1.0
Capn3,0.573280896093677,3.45384302377295,0.0002738458921052,0.022778898823546,5.0,5.0,1.0
Cebpa,0.510938085897815,1.81559660345298,0.0002732813166875,0.022778898823546,5.0,5.0,1.0
Glrp1,0.977145799568825,0.432906052872921,0.0002727211099542,0.022778898823546,5.0,5.0,1.0
Amer2,-0.226676023466512,5.59698724854803,0.0002811240439075,0.0232903931797955,5.0,5.0,1.0
Rbm47,0.860225823408727,2.60573086611243,0.0003067024558964,0.0252070317238573,5.0,4.0,0.8
C130050O18Rik,0.663383083341957,-0.161952776547258,0.000306320743351,0.0252070317238573,5.0,5.0,1.0
Gm26522,0.837735259645984,1.72187033027281,0.0003173080072412,0.0258725173177085,5.0,3.0,0.6
Unc93b1,0.551053999048065,3.88488645774778,0.0003171868979795,0.0258725173177085,5.0,5.0,1.0
C1qc,0.911820651649211,5.03911762850058,0.0003210691233187,0.0260761218304841,5.0,5.0,1.0
Exoc8,-0.238842964558359,3.86805314761755,0.0003341218751584,0.0270298045593893,5.0,5.0,1.0
Ctla2a,0.910061650777427,3.87927960664702,0.0003359218845244,0.0270692677963071,5.0,5.0,1.0
2810001G20Rik,-0.290294783738449,4.04058191053559,0.0003561414556924,0.0285869342003087,5.0,5.0,1.0
Fgfbp3,-0.525854972684279,4.36081054435884,0.0003744425558716,0.0299394398646379,5.0,3.0,0.6
Rsad2,0.938767314320759,0.4978446813617,0.0003825759286122,0.0304716557194648,5.0,5.0,1.0
Cd200r4,1.13676856567614,-0.78364162741267,0.0003852553308382,0.0305670469994712,5.0,5.0,1.0
Setd5,0.190756460663416,7.5431620903253,0.000396548597172,0.0312229046223758,5.0,5.0,1.0
Gpr84,1.04384436806878,-0.231237052325123,0.0003955863826819,0.0312229046223758,5.0,5.0,1.0
Lpxn,0.518367876708776,1.48275936703199,0.0004036400473039,0.0316604202883369,5.0,4.0,0.8
Cdca2,0.844228962868066,-0.975853530060199,0.0004102926553021,0.0320603302508639,5.0,5.0,1.0
Vwa5a,0.399750675491009,2.05865721945344,0.0004135496360326,0.0321928884593089,5.0,5.0,1.0
Cysltr2,0.748569660828144,-0.700283886979852,0.0004162425897601,0.0322807082111348,5.0,3.0,0.6
Gm38134,-0.416766254636054,4.67250901470711,0.0004190121849354,0.0323737916218474,5.0,5.0,1.0
Il10rb,0.445429595656513,2.69126515449526,0.0004267751670018,0.0328505407465739,5.0,5.0,1.0
Sipa1,0.317197112620937,3.92609727327985,0.0004310783947571,0.0330584245555618,5.0,5.0,1.0
Smagp,0.657338300272198,0.720947895504312,0.0004344907646992,0.033196703648079,5.0,4.0,0.8
Ncf1,0.699197323865604,2.13876220260393,0.0004540105618379,0.0345600881186517,5.0,5.0,1.0
Ostf1,0.415283870955182,3.88211102607108,0.0004564574482422,0.0346186055139335,5.0,5.0,1.0
Tgif1,0.813632356254514,0.490816500432401,0.0004606290212007,0.0348070186020156,5.0,5.0,1.0
Nrros,0.502074650185608,3.68704624631312,0.000462755947526,0.0348401183996889,5.0,5.0,1.0
Dlg5,0.273649175770042,4.81010351004925,0.0004736777161207,0.0355327185667428,5.0,5.0,1.0
Fas,0.872003708460399,1.73269135481076,0.0004802132774012,0.0358924626793873,5.0,5.0,1.0
Sp100,1.04808471507403,2.33264689800108,0.0004840140031561,0.0359162765147745,5.0,5.0,1.0
Adgrl4,0.747125563321469,4.50563966471223,0.0004835623893199,0.0359162765147745,5.0,5.0,1.0
Sh3tc1,0.647672705718465,0.480945338656708,0.0004961130483702,0.0366821364689262,5.0,5.0,1.0
Gm5086,0.754517713215884,2.55536547497575,0.000508967753008,0.0374981992028666,5.0,3.0,0.6
Itgam,0.914904954481326,0.780940522784952,0.0005656932974788,0.0415291353512127,5.0,3.0,0.6
Bex4,-0.500953077966106,3.3841361998665,0.0005752769777607,0.0420152190990596,5.0,4.0,0.8
C030034L19Rik,0.645957616777765,1.57317439185415,0.0005763879492478,0.0420152190990596,5.0,4.0,0.8
Tyk2,0.174190009764417,5.04069150234672,0.0005870311984712,0.0426403753283919,5.0,5.0,1.0
Cfh,0.540723654307401,3.96087423979071,0.000591171635215,0.0427904549573756,5.0,5.0,1.0
Mgmt,0.436317217817843,1.83281839103885,0.0006105443758252,0.0440381815695784,5.0,4.0,0.8
Dennd1c,0.666633120308281,1.22537217929325,0.000617140519046,0.0443588563324109,5.0,5.0,1.0
Igsf6,0.533839560868553,0.698309947310405,0.000635448269151,0.0454138466183597,5.0,5.0,1.0
Lcn2,2.23240134363955,-1.84304257151909,0.0006384223917458,0.0454138466183597,5.0,4.0,0.8
Cst6,-0.610408299094407,1.81826679509598,0.0006377781669455,0.0454138466183597,5.0,5.0,1.0
Psen1,0.410507136038372,5.86950006307825,0.0006428777415029,0.0455736251871631,5.0,4.0,0.8
Stat1,0.471383196485018,4.32537793748287,0.0006639816686962,0.0464014381528337,5.0,5.0,1.0
Tifab,0.858160613235455,0.398126418498279,0.0006646860188402,0.0464014381528337,5.0,4.0,0.8
Nfatc1,0.570729024578564,2.36262825112077,0.0006598709838691,0.0464014381528337,5.0,5.0,1.0
Mlxipl,0.556578676729154,2.46707192366115,0.0006658018175015,0.0464014381528337,5.0,4.0,0.8
Ifitm3,0.812428001801174,4.77573558672323,0.0006576621746317,0.0464014381528337,5.0,5.0,1.0
Gm11213,1.17355215679393,-2.10414028539588,0.0006744802212165,0.0468479881598547,5.0,3.0,0.6
Rbm4b,-0.206377952757751,7.71175437507659,0.0006791682806421,0.0470153102730402,5.0,5.0,1.0
Klf4,0.835183557642446,2.40380496380049,0.0006880063617777,0.0474678369134196,5.0,5.0,1.0
Trim30a,0.867469740594236,2.9915053897124,0.0007213564945239,0.0494380834735398,5.0,4.0,0.8
Tlr4,0.453487952184261,1.11019729120415,0.0007193923092375,0.0494380834735398,5.0,5.0,1.0
