"gene","GSE140399","GSE140510","GSE143758","GSE208683","GSE214244"
"Ccl3","Yes (rank 1)","Yes (rank 1)","Yes (rank 1)","Yes (rank 1)","Yes (rank 1)"
"Itgax","Yes (rank 2)","Yes (rank 2)","Yes (rank 2)","Yes (rank 2)","Yes (rank 2)"
"Hcar2","No (rank )","No (rank )","Yes (rank 3)","Yes (rank 4)","Yes (rank 22)"
"Plaur","Yes (rank 3)","Yes (rank 3)","Yes (rank 4)","Yes (rank 5)","Yes (rank 7)"
"Bcl2a1b","Yes (rank 5)","No (rank )","Yes (rank 5)","Yes (rank 8)","Yes (rank 6)"
"Ccl4","Yes (rank 4)","Yes (rank 5)","Yes (rank 6)","Yes (rank 11)","Yes (rank 16)"
"Atf3","Yes (rank 7)","Yes (rank 6)","Yes (rank 7)","Yes (rank 10)","Yes (rank 18)"
"Gpr65","Yes (rank 6)","No (rank )","Yes (rank 8)","Yes (rank 6)","Yes (rank 60)"
"Asb10","Yes (rank 9)","No (rank )","Yes (rank 9)","Yes (rank 12)","Yes (rank 13)"
"Pdcd1","Yes (rank 16)","Yes (rank 4)","Yes (rank 10)","Yes (rank 9)","Yes (rank 25)"
