GSE,cluster,n_cells,top_marker_genes,auto_assigned_cell_type,match_count,runner_up,new_cell_type,new_match_count,matched_genes,new_runner_up,runner_up_count,final_cell_type,annotation_confidence,final_cell_type_ORIGINAL
GSE140399,0,11624,"Adam33, Dkkl1, Pde4d, Exph5, Cpne9, BC030499, Brinp3, Mef2c, Stx1a, Pcsk2",Ambiguous_needs_manual_review,0,Activated_DAM_microglia,Excitatory_neurons,1,Mef2c,,0,Excitatory_neurons,WEAK_1_gene,Excitatory_neurons
GSE140399,1,4446,"Crhbp, Slc32a1, Nxph1, Cacna2d2, Moxd1, Pnoc, Lhx6, Kcns3, Ngf, Tmem132c",Ambiguous_needs_manual_review,0,Activated_DAM_microglia,Inhibitory_neurons,2,"Slc32a1,Lhx6",,0,Inhibitory_neurons,MODERATE_2to3_genes,Inhibitory_neurons
GSE140399,10,903,"Pdgfra, Gpr17, Cspg4, Chst5, C1ql1, Angptl1, Matn4, Tmem255b, Neu4, Sox10",OPCs,2,Homeostatic_microglia,OPCs,4,"Pdgfra,Gpr17,Cspg4,Sox10",,0,OPCs,STRONG_4plus_genes,OPCs
GSE140399,11,758,"C1qa, Ctss, Laptm5, Fcrls, C1qc, C1qb, Selplg, Cd53, Hexb, Csf1r",Homeostatic_microglia,6,Activated_DAM_microglia,Homeostatic_microglia,9,"C1qa,Ctss,Fcrls,C1qc,C1qb,Selplg,Cd53,Hexb,Csf1r",,0,Homeostatic_microglia,STRONG_4plus_genes,Homeostatic_microglia
GSE140399,12,747,"Vip, Htr3a, Tac2, Crh, Igf1, Npas1, Cnr1, Pthlh, Adarb2, Pnoc",Ambiguous_needs_manual_review,0,Activated_DAM_microglia,Inhibitory_neurons,3,"Vip,Htr3a,Adarb2",,0,Inhibitory_neurons,MODERATE_2to3_genes,Inhibitory_neurons
GSE140399,13,538,"Gm9843, Fau, Thy1, Atp2b1, Atp1a3, Csmd1",Ambiguous_needs_manual_review,0,Activated_DAM_microglia,Ambiguous_needs_manual_review,0,,,0,Neurons_Unclassified,NO_EVIDENCE,Neurons_Unclassified
GSE140399,14,172,"Ttr, Slc16a8, Otx2os1, Folr1, Slc4a5, Col9a3, Sostdc1, Steap1, 1500015O10Rik, Kcne2",Ambiguous_needs_manual_review,0,Activated_DAM_microglia,Choroid_plexus_ependymal,3,"Ttr,Folr1,Col9a3",,0,Choroid_plexus_ependymal,MODERATE_2to3_genes,Choroid_plexus_ependymal
GSE140399,2,4000,"Cpne7, Fibcd1, Spink8, Cul4a, 4921539H07Rik, Dcn, Pkp2, Thsd4, Rnf182, Gm10848",Ambiguous_needs_manual_review,0,Activated_DAM_microglia,Ambiguous_needs_manual_review,0,,,0,Ambiguous_needs_manual_review,NO_EVIDENCE,Excitatory_neurons
GSE140399,3,3460,"Fn3krp, Pam, Syngap1, Clasp2, Spry2, Ric1, Tacc1, Tmem181a, Amt, Abhd2",Ambiguous_needs_manual_review,0,Activated_DAM_microglia,Ambiguous_needs_manual_review,0,,,0,Ambiguous_needs_manual_review,NO_EVIDENCE,Excitatory_neurons
GSE140399,4,3253,"C1ql2, Crlf1, Slc29a4, Slc26a10, Ntf3, Synpr, Gpc4, C1ql3, Sema5a, Prox1",Ambiguous_needs_manual_review,0,Activated_DAM_microglia,Ambiguous_needs_manual_review,0,,,0,Ambiguous_needs_manual_review,NO_EVIDENCE,Excitatory_neurons
GSE140399,5,2835,"Plpp3, Gja1, Apoe, Gpr37l1, Mfge8, Btbd17, Slc1a3, F3, Atp1a2, Agt",Ambiguous_needs_manual_review,1,Astrocytes,Astrocytes,2,"Gja1,Slc1a3",Activated_DAM_microglia,1,Astrocytes,MODERATE_2to3_genes,Astrocytes
GSE140399,6,2750,"Tshz2, Bglap3, Teddm3, Slc17a6, Rmst, Nts, Grp, Coro6, Rxfp1, Tox",Ambiguous_needs_manual_review,0,Activated_DAM_microglia,Ambiguous_needs_manual_review,0,,,0,Neurons_Unclassified,NO_EVIDENCE,Neurons_Unclassified
GSE140399,7,1782,"Mhrt, Adora2a, Gpr88, Gpr6, Tac1, Penk, Adcy5, Pdyn, Serpina9, Drd1",Ambiguous_needs_manual_review,0,Activated_DAM_microglia,Ambiguous_needs_manual_review,0,,,0,Neurons_Unclassified,NO_EVIDENCE,Neurons_Unclassified
GSE140399,8,1665,"Plp1, Trf, Mag, Apod, Cldn11, Klk6, Gjc2, Mal, Mog, Tnfaip6",Oligodendrocytes,3,Homeostatic_microglia,Oligodendrocytes,3,"Plp1,Mag,Mog",,0,Oligodendrocytes,MODERATE_2to3_genes,Oligodendrocytes
GSE140399,9,1080,"Cdh5, Robo4, Slc6a13, Itih2, Abcb1a, Slc22a6, Abcc9, AU021092, Anpep, Vtn",Ambiguous_needs_manual_review,1,Homeostatic_microglia,Endothelial,2,"Cdh5,Robo4",Pericytes_mural,2,Endothelial,MODERATE_2to3_genes,Endothelial
GSE140510,0,14888,"C030029H02Rik, Mog, Aspa, Hapln2, Ankub1, Gm42756, A230001M10Rik, Gm4593, Mag, AC110241.2",Oligodendrocytes,2,Homeostatic_microglia,Oligodendrocytes,2,"Mog,Mag",,0,Oligodendrocytes,MODERATE_2to3_genes,Oligodendrocytes
GSE140510,1,14368,"Gm20752, 1700047F07Rik, Gm29674, Endou, Fam83f, Bglap3, Adam33, Mylk3, Gm45901, Rspo1",Ambiguous_needs_manual_review,0,Activated_DAM_microglia,Ambiguous_needs_manual_review,0,,,0,Neurons_Unclassified,NO_EVIDENCE,Neurons_Unclassified
GSE140510,10,2591,"Adarb2, Htr3a, Grpr, Vip, Col14a1, Igf1, Abcc2, Kit, Pnoc, Tac2",Ambiguous_needs_manual_review,0,Activated_DAM_microglia,Inhibitory_neurons,3,"Adarb2,Htr3a,Vip",,0,Inhibitory_neurons,MODERATE_2to3_genes,Inhibitory_neurons
GSE140510,11,2558,"A930009A15Rik, Neu4, Pdgfra, Cspg4, Gpr17, Irx1, Tmem255b, C1ql1, Sapcd2, Matn1",OPCs,2,Homeostatic_microglia,OPCs,3,"Pdgfra,Cspg4,Gpr17",,0,OPCs,MODERATE_2to3_genes,OPCs
GSE140510,12,2258,"Gm6602, Car3, Olfr550, Nr4a2, Ctgf, Fermt1, Mapk13, Rxfp1, Vgll2, Cfap52",Ambiguous_needs_manual_review,0,Activated_DAM_microglia,Ambiguous_needs_manual_review,0,,,0,Neurons_Unclassified,NO_EVIDENCE,Neurons_Unclassified
GSE140510,13,1281,"mt-Co1, mt-Atp8, mt-Co2, mt-Atp6, mt-Co3, mt-Nd4, mt-Nd2, mt-Cytb, mt-Nd1, mt-Nd4l",Ambiguous_needs_manual_review,0,Activated_DAM_microglia,Low_quality_high_mito,0,,,0,Ambiguous_needs_manual_review,NO_EVIDENCE,Low_quality_high_mito
GSE140510,14,1102,"Platr15, Vsx1, Slc47a1, Six1, Prdm6, H2-Q1, Slc13a4, Slc22a6, Mpzl2, Tspan8",Ambiguous_needs_manual_review,0,Activated_DAM_microglia,Ambiguous_needs_manual_review,0,,,0,Neurons_Unclassified,NO_EVIDENCE,Neurons_Unclassified
GSE140510,15,586,"4930578C19Rik, Gm36823, Adgrl4, Sox17, AU021092, Abcc9, Mecom, Ace2, Slco1a4, Tie1",Ambiguous_needs_manual_review,1,Homeostatic_microglia,Endothelial,2,"Sox17,Tie1",Pericytes_mural,2,Endothelial,MODERATE_2to3_genes,Endothelial
GSE140510,16,168,"F13a1, Mrc1, Cd209b, Ms4a4a, Ms4a7, F630028O10Rik, Cbr2, Cd209f, Cd209g, Pf4",Ambiguous_needs_manual_review,0,Activated_DAM_microglia,Perivascular_macrophages,7,"F13a1,Mrc1,Cd209b,Ms4a7,Cd209f,Cd209g,Pf4",,0,Perivascular_macrophages,STRONG_4plus_genes,Perivascular_macrophages
GSE140510,17,100,"Nxph1, Gm31218, Moxd1, Crhbp, Kcns3, Lhx6, Sox6, Cort, Tmem132c, Btbd11",Ambiguous_needs_manual_review,0,Activated_DAM_microglia,Inhibitory_neurons,1,Lhx6,,0,Inhibitory_neurons,WEAK_1_gene,Inhibitory_neurons
GSE140510,2,11235,"Gm34466, Gm16087, Fam19a1, Gm44724, Slc26a4, Gm42864, Gm11639, 4930428N03Rik, Syt17, Tnfrsf8",Ambiguous_needs_manual_review,0,Activated_DAM_microglia,Ambiguous_needs_manual_review,0,,,0,Neurons_Unclassified,NO_EVIDENCE,Neurons_Unclassified
GSE140510,3,9179,"Mhrt, Gm8239, Gm39043, Sh3rf2, Rgs9, Impg1, Rarb, Syndig1l, E230025N22Rik, Drd3",Ambiguous_needs_manual_review,0,Activated_DAM_microglia,Ambiguous_needs_manual_review,0,,,0,Neurons_Unclassified,NO_EVIDENCE,Neurons_Unclassified
GSE140510,4,6510,"Uncx, Lhx8, Npffr2, Slc10a4, Slc17a8, C130060K24Rik, Zar1, Dnah11, Igfbpl1, Frmd7",Ambiguous_needs_manual_review,0,Activated_DAM_microglia,Ambiguous_needs_manual_review,0,,,0,Neurons_Unclassified,NO_EVIDENCE,Neurons_Unclassified
GSE140510,5,5881,"Krt80, H60b, AC102910.1, Gm40518, AC163018.1, Gm10635, Col5a1, Sebox, Prss35, Myh3",Ambiguous_needs_manual_review,0,Activated_DAM_microglia,Ambiguous_needs_manual_review,0,,,0,Neurons_Unclassified,NO_EVIDENCE,Neurons_Unclassified
GSE140510,6,4735,"Gm13322, C030018K13Rik, Gm35552, Gm12532, Rpe65, Aqp9, Ucp3, Etnppl, Slco1c1, Cyp4f15",Ambiguous_needs_manual_review,0,Activated_DAM_microglia,Endothelial,1,Slco1c1,,0,Endothelial,WEAK_1_gene,Endothelial
GSE140510,7,4666,"Gm31218, Lhx6, Crhbp, Moxd1, Akr1c18, Kcnmb2, Nxph1, Btn2a2, Tmem132c, Kcns3",Ambiguous_needs_manual_review,0,Activated_DAM_microglia,Inhibitory_neurons,1,Lhx6,,0,Inhibitory_neurons,WEAK_1_gene,Inhibitory_neurons
GSE140510,8,4332,"6030468B19Rik, Arhgap45, Rasal3, Il6, Csf3r, Rhoh, Gm41071, Siglech, Adora3, Glrp1",Ambiguous_needs_manual_review,1,Activated_DAM_microglia,Ambiguous_needs_manual_review,0,,,0,Neurons_Unclassified,WEAK_1_gene,Neurons_Unclassified
GSE140510,9,3075,"Gm42418, AY036118, Sst, Cck, Syt1, Calm1, Meg3, Olfm1, Snhg11",Ambiguous_needs_manual_review,1,Homeostatic_microglia,Neurons,2,"Syt1,Meg3",Inhibitory_neurons,1,Neurons,MODERATE_2to3_genes,Neurons
GSE143758,0,13912,"Gm20649, Dsp, Lrrtm4, Stxbp6, Gm28172, Dock10, Plk5, Adarb2, Trpm3, Gm42864",Ambiguous_needs_manual_review,0,Activated_DAM_microglia,Inhibitory_neurons,1,Adarb2,,0,Inhibitory_neurons,WEAK_1_gene,Inhibitory_neurons
GSE143758,1,8784,"Gm28928, Bglap3, Tshz2, Gm26883, Teddm3, Rxfp1, Slc17a6, Gm6260, Grm8, Ovol2",Ambiguous_needs_manual_review,0,Activated_DAM_microglia,Ambiguous_needs_manual_review,0,,,0,Neurons_Unclassified,NO_EVIDENCE,Neurons_Unclassified
GSE143758,10,914,"Dnah12, Lrrc71, Fam216b, Gm867, Dnaaf3, Lhb, Ccdc180, Crocc2, 4833427G06Rik, Ttc21a",Ambiguous_needs_manual_review,0,Activated_DAM_microglia,Ambiguous_needs_manual_review,0,,,0,Neurons_Unclassified,NO_EVIDENCE,Neurons_Unclassified
GSE143758,11,868,"Vwc2l, Cntn6, Tshz2, Olfm3, Sgcd, Sntb1, Gm26883, Il1rapl2, Skap1, 2010300F17Rik",Ambiguous_needs_manual_review,0,Activated_DAM_microglia,Ambiguous_needs_manual_review,0,,,0,Neurons_Unclassified,NO_EVIDENCE,Neurons_Unclassified
GSE143758,12,528,"Slc6a13, Slc13a4, Slc6a20a, Bnc2, Lama1, Zic4, Pcolce, Nupr1, Cped1, Zic1",Ambiguous_needs_manual_review,0,Activated_DAM_microglia,Ambiguous_needs_manual_review,0,,,0,Neurons_Unclassified,NO_EVIDENCE,Neurons_Unclassified
GSE143758,2,7821,"Galntl6, 4930419G24Rik, Gm26905, Hs6st3, Cntnap2, Htr5b, Fibcd1, 4921539H07Rik, Gm27247, B230110G15Rik",Ambiguous_needs_manual_review,0,Activated_DAM_microglia,Ambiguous_needs_manual_review,0,,,0,Neurons_Unclassified,NO_EVIDENCE,Neurons_Unclassified
GSE143758,3,7781,"Otc, Slc1a3, Slc1a2, Plpp3, Rorb, Rgs20, Pax6, C030018K13Rik, Mettl11b, Gm15756",Ambiguous_needs_manual_review,1,Homeostatic_microglia,Astrocytes,2,"Slc1a3,Slc1a2",,0,Astrocytes,MODERATE_2to3_genes,Astrocytes
GSE143758,4,5095,"Dlx6os1, Erbb4, Kcnmb2, Edaradd, Gad2, Col19a1, Btbd11, Grik1, Nxph1, Npas1",Ambiguous_needs_manual_review,0,Activated_DAM_microglia,Inhibitory_neurons,1,Gad2,,0,Inhibitory_neurons,WEAK_1_gene,Inhibitory_neurons
GSE143758,5,4943,"RP23-231J2.1, Mgat4c, Mndal, Naa11, Pvrl3, Hs3st4, Slit2, 4930473D10Rik, Col6a1, Rnf182",Ambiguous_needs_manual_review,0,Activated_DAM_microglia,Ambiguous_needs_manual_review,0,,,0,Neurons_Unclassified,NO_EVIDENCE,Neurons_Unclassified
GSE143758,6,1636,"Lhfpl3, Pdgfra, Neu4, Sapcd2, Cacng4, Car8, Cspg4, Vcan, Sox10, Emid1",OPCs,2,Homeostatic_microglia,OPCs,3,"Pdgfra,Cspg4,Sox10",,0,OPCs,MODERATE_2to3_genes,OPCs
GSE143758,7,1082,"Hmha1, Inpp5d, Myo1f, Cd84, Nckap1l, Runx1, Ikzf1, Havcr2, Ccr5, Cd300lf",Ambiguous_needs_manual_review,0,Activated_DAM_microglia,Ambiguous_needs_manual_review,0,,,0,Neurons_Unclassified,NO_EVIDENCE,Neurons_Unclassified
GSE143758,8,1060,"Slco1a4, Flt1, Cldn5, Itm2a, 4930578C19Rik, Adgrl4, Nostrin, AU021092, Rgs5, Slc52a3",Endothelial,3,Homeostatic_microglia,Endothelial,2,"Flt1,Cldn5",Pericytes_mural,1,Endothelial,MODERATE_2to3_genes,Endothelial
GSE143758,9,940,"Prr5l, Mag, Hapln2, Sec14l5, Mog, Plp1, Fa2h, Plekhh1, RP23-44H21.1, Aspa",Oligodendrocytes,3,Homeostatic_microglia,Oligodendrocytes,3,"Mag,Mog,Plp1",,0,Oligodendrocytes,MODERATE_2to3_genes,Oligodendrocytes
GSE208683,0,6631,"Gm20752, Gm13601, Gm29674, 4933406J09Rik, Dkkl1, 1700047F07Rik, Xirp2, 4930434J06Rik, 1700023F02Rik, 4930407I19Rik",Ambiguous_needs_manual_review,0,Activated_DAM_microglia,Ambiguous_needs_manual_review,0,,,0,Neurons_Unclassified,NO_EVIDENCE,Neurons_Unclassified
GSE208683,1,5630,"Plp1, St18, Prr5l, Mobp, Mag, Mog, Mbp, Aspa, C030029H02Rik, Sec14l5",Oligodendrocytes,5,Homeostatic_microglia,Oligodendrocytes,5,"Plp1,Mobp,Mag,Mog,Mbp",,0,Oligodendrocytes,STRONG_4plus_genes,Oligodendrocytes
GSE208683,10,2265,"Ndst4, Abi3bp, Gm42825, 4930426D05Rik, Gm15825, 4930428N03Rik, Tfap2d, Gm30313, Prss30, Klhl14",Ambiguous_needs_manual_review,0,Activated_DAM_microglia,Ambiguous_needs_manual_review,0,,,0,Neurons_Unclassified,NO_EVIDENCE,Neurons_Unclassified
GSE208683,11,2042,"Slc22a6, Prdm6, Aldh1a2, Slc47a1, Gm42912, Alx3, Slc6a13, Cbln1, Gabra6, Slc13a4",Ambiguous_needs_manual_review,0,Activated_DAM_microglia,Ambiguous_needs_manual_review,0,,,0,Neurons_Unclassified,NO_EVIDENCE,Neurons_Unclassified
GSE208683,12,1913,"Inpp5d, Ly86, Csf3r, Ikzf1, Dock8, Gm2629, Myo1f, Fyb, Runx1, Arhgap45",Ambiguous_needs_manual_review,0,Activated_DAM_microglia,Ambiguous_needs_manual_review,0,,,0,Neurons_Unclassified,NO_EVIDENCE,Neurons_Unclassified
GSE208683,13,1803,"Tshz2, Vwc2l, Dsc3, Bglap3, Prlr, Gm34466, Tacr3, Gm47448, Gm12198, Npsr1",Ambiguous_needs_manual_review,0,Activated_DAM_microglia,Ambiguous_needs_manual_review,0,,,0,Neurons_Unclassified,NO_EVIDENCE,Neurons_Unclassified
GSE208683,14,1671,"Vip, Adarb2, Htr3a, Tac2, Grpr, C87487, Pnoc, Npas1, Igf1, Erbb4",Ambiguous_needs_manual_review,0,Activated_DAM_microglia,Inhibitory_neurons,3,"Vip,Adarb2,Htr3a",,0,Inhibitory_neurons,MODERATE_2to3_genes,Inhibitory_neurons
GSE208683,15,1599,"Pdgfra, C1ql1, Neu4, Vcan, Gpr17, Sapcd2, 9230102K24Rik, S100a2, S100a3, Cspg4",OPCs,2,Homeostatic_microglia,OPCs,3,"Pdgfra,Gpr17,Cspg4",,0,OPCs,MODERATE_2to3_genes,OPCs
GSE208683,16,1596,"Ly6c1, Ctla2a, Cldn5, Ly6a, Wfdc1, Itm2a, Slco1a4, Robo4, Klf2, Adgrl4",Endothelial,3,Homeostatic_microglia,Endothelial,2,"Cldn5,Robo4",,0,Endothelial,MODERATE_2to3_genes,Endothelial
GSE208683,17,1592,"9630013A20Rik, Bmp4, Kif19a, Enpp6, Gpr17, Zfp488, Neu4, Mroh3, Rhbdl2, Bcas1os2",Ambiguous_needs_manual_review,0,Activated_DAM_microglia,OPCs,1,Gpr17,,0,OPCs,WEAK_1_gene,OPCs
GSE208683,18,856,"Cd209b, Cd209g, Ms4a4a, Cd209f, F630028O10Rik, Cd209a, Mrc1, Pf4, Clec10a, Cbr2",Ambiguous_needs_manual_review,0,Activated_DAM_microglia,Perivascular_macrophages,5,"Cd209b,Cd209g,Cd209f,Mrc1,Pf4",,0,Perivascular_macrophages,STRONG_4plus_genes,Perivascular_macrophages
GSE208683,19,499,"Calb2, Igfbpl1, Aox3, 2610307P16Rik, Nxph1, Cdca7, Sp8, Hydin, Pde5a, Sox2ot",Ambiguous_needs_manual_review,0,Activated_DAM_microglia,Ambiguous_needs_manual_review,0,,,0,Ambiguous_needs_manual_review,NO_EVIDENCE,Inhibitory_neurons
GSE208683,2,5582,"Tnfrsf8, Saxo1, Platr16, Smoc2, Otof, Kcnip4, Vtcn1, 4930474M22Rik, Clec18a, Ccbe1",Ambiguous_needs_manual_review,0,Activated_DAM_microglia,Ambiguous_needs_manual_review,0,,,0,Neurons_Unclassified,NO_EVIDENCE,Neurons_Unclassified
GSE208683,20,408,"Drd3, Isl1, Gpr149, Stac, Gm13112, Clic6, Prok2, Sgcd, Tac1, Lrrc38",Ambiguous_needs_manual_review,0,Activated_DAM_microglia,Ambiguous_needs_manual_review,0,,,0,Neurons_Unclassified,NO_EVIDENCE,Neurons_Unclassified
GSE208683,3,4821,"Gpc5, Gm6145, Plpp3, Ntsr2, Acsbg1, Gli3, Fgfr3, Gm35552, Slc39a12, Nwd1",Ambiguous_needs_manual_review,0,Activated_DAM_microglia,Ambiguous_needs_manual_review,0,,,0,Neurons_Unclassified,NO_EVIDENCE,Neurons_Unclassified
GSE208683,4,3873,"Gm42707, Fermt1, 9330185C12Rik, Gm6602, Dcn, Gm36431, Gm42705, Gm6260, Ntng1, Teddm3",Ambiguous_needs_manual_review,0,Activated_DAM_microglia,Ambiguous_needs_manual_review,0,,,0,Neurons_Unclassified,NO_EVIDENCE,Neurons_Unclassified
GSE208683,5,3231,"Nxph3, Hs3st4, Krt80, Gm30564, Trbc1, Rprm, Col5a1, Gm40518, Gm10635, Trbc2",Ambiguous_needs_manual_review,0,Activated_DAM_microglia,Ambiguous_needs_manual_review,0,,,0,Neurons_Unclassified,NO_EVIDENCE,Neurons_Unclassified
GSE208683,6,3174,"D030025E07Rik, Frmd7, Cpa6, Lgr5, Hephl1, Vipr2, Adamts19, Gm39117, Scgn, Gm20658",Ambiguous_needs_manual_review,0,Activated_DAM_microglia,Ambiguous_needs_manual_review,0,,,0,Neurons_Unclassified,NO_EVIDENCE,Neurons_Unclassified
GSE208683,7,2822,"Gata3, 4930438E09Rik, Pax5, Lhx5, Gm27199, Slc6a5, Shox2, Lhx1os, Lhx9, Ebf2",Ambiguous_needs_manual_review,0,Activated_DAM_microglia,Ambiguous_needs_manual_review,0,,,0,Neurons_Unclassified,NO_EVIDENCE,Neurons_Unclassified
GSE208683,8,2569,"Mhrt, Serpina9, Sh3rf2, Rarb, Drd2, Gm40663, Rgs9, Six3, B020031H02Rik, Gpr88",Ambiguous_needs_manual_review,0,Activated_DAM_microglia,Ambiguous_needs_manual_review,0,,,0,Neurons_Unclassified,NO_EVIDENCE,Neurons_Unclassified
GSE208683,9,2533,"Gm31218, 4930470O06Rik, Lhx6, Fam240b, Rbp4, Nxph1, Kcnmb2, Nxph2, Btn2a2, Crhbp",Ambiguous_needs_manual_review,0,Activated_DAM_microglia,Inhibitory_neurons,1,Lhx6,,0,Inhibitory_neurons,WEAK_1_gene,Inhibitory_neurons
GSE214244,0,20065,"Gm42912, Gabra6, Fat2, Il16, Pld5, Gm39464, Gm39465, Reln, Gm10837, Ltbp2",Ambiguous_needs_manual_review,0,Activated_DAM_microglia,Ambiguous_needs_manual_review,0,,,0,Neurons_Unclassified,NO_EVIDENCE,Neurons_Unclassified
GSE214244,1,13902,"Nrgn, Camk2n1, 2900097C17Rik, Tmsb4x, Epop, Hpcal4, Cplx3, Selenow, Ttr, mt-Co1",Ambiguous_needs_manual_review,0,Activated_DAM_microglia,Neurons,1,Nrgn,Choroid_plexus_ependymal,1,Neurons,WEAK_1_gene,Neurons
GSE214244,10,4921,"Arhgap45, Inpp5d, Csf3r, Runx1, Siglech, Gm46224, Cd37, Glrp1, Cyth4, Gm47754",Ambiguous_needs_manual_review,1,Activated_DAM_microglia,Ambiguous_needs_manual_review,0,,,0,Neurons_Unclassified,WEAK_1_gene,Neurons_Unclassified
GSE214244,11,4681,"AC102910.1, Hs3st4, Trbc1, Thsd7b, Cwh43, Gm28928, 5330416C01Rik, Gm13391, AC121517.1, Etl4",Ambiguous_needs_manual_review,0,Activated_DAM_microglia,Ambiguous_needs_manual_review,0,,,0,Neurons_Unclassified,NO_EVIDENCE,Neurons_Unclassified
GSE214244,12,4339,"4930407I19Rik, 1700023F02Rik, 4933406J09Rik, Gm42705, Osr1, Slc26a4, Gm6260, Fras1, Gm28928, Lrrtm4",Ambiguous_needs_manual_review,0,Activated_DAM_microglia,Ambiguous_needs_manual_review,0,,,0,Neurons_Unclassified,NO_EVIDENCE,Neurons_Unclassified
GSE214244,13,3366,"Gm26883, Tshz2, Ftcd, Lingo2, Ccdc129, Kcnq5, Prlr, Npsr1, Teddm3, Vwc2l",Ambiguous_needs_manual_review,0,Activated_DAM_microglia,Ambiguous_needs_manual_review,0,,,0,Neurons_Unclassified,NO_EVIDENCE,Neurons_Unclassified
GSE214244,14,2867,"Pdgfra, Neu4, A930009A15Rik, Gm14114, Vcan, Kcnh8, Gucy2f, Gpr17, Susd5, Lhfpl3",Ambiguous_needs_manual_review,1,Homeostatic_microglia,OPCs,2,"Pdgfra,Gpr17",,0,OPCs,MODERATE_2to3_genes,OPCs
GSE214244,15,2176,"Gm42678, Gm31218, Fam240b, Btn2a2, Kcnmb2, Kcnc2, Nxph1, Moxd1, 4930470O06Rik, Gm47193",Ambiguous_needs_manual_review,0,Activated_DAM_microglia,Ambiguous_needs_manual_review,0,,,0,Ambiguous_needs_manual_review,NO_EVIDENCE,Inhibitory_neurons
GSE214244,16,1978,"Gm47757, Sox14, Tfap2a, Gm26688, Pax2, Adad2, Dmbx1, Gm27199, Insrr, Gm10578",Ambiguous_needs_manual_review,0,Activated_DAM_microglia,Ambiguous_needs_manual_review,0,,,0,Neurons_Unclassified,NO_EVIDENCE,Neurons_Unclassified
GSE214244,17,1440,"Fermt1, Vmn1r34, 9330185C12Rik, AC151530.1, Cfap52, Gm36642, Slamf7, Vmn1r32, Qrfpr, Ttc6",Ambiguous_needs_manual_review,0,Activated_DAM_microglia,Ambiguous_needs_manual_review,0,,,0,Neurons_Unclassified,NO_EVIDENCE,Neurons_Unclassified
GSE214244,18,1420,"Chat, Dlx6os1, Grpr, Adarb2, Abcb5, Htr3a, Igf1, Vip, Tac2, Igf1os",Ambiguous_needs_manual_review,0,Activated_DAM_microglia,Inhibitory_neurons,3,"Adarb2,Htr3a,Vip",,0,Inhibitory_neurons,MODERATE_2to3_genes,Inhibitory_neurons
GSE214244,19,1086,"Prr5l, St18, Dock10, Mag, Rnf220, Plp1, Mog, Aspa, Mbp, Plcl1",Oligodendrocytes,4,Homeostatic_microglia,Oligodendrocytes,4,"Mag,Plp1,Mog,Mbp",,0,Oligodendrocytes,STRONG_4plus_genes,Oligodendrocytes
GSE214244,2,9014,"Gm16233, C030029H02Rik, Prr5l, Ptgds, Dock10, St18, Mag, Clca4a, Mog, Pex5l",Oligodendrocytes,2,Homeostatic_microglia,Oligodendrocytes,2,"Mag,Mog",,0,Oligodendrocytes,MODERATE_2to3_genes,Oligodendrocytes
GSE214244,20,1014,"Dlgap2, Gm28928, Csmd1, Lrrc7, Kalrn, Tenm2, Kcnh7, Gpc5, Grin2b, 5730522E02Rik",Ambiguous_needs_manual_review,0,Activated_DAM_microglia,Ambiguous_needs_manual_review,0,,,0,Neurons_Unclassified,NO_EVIDENCE,Neurons_Unclassified
GSE214244,21,635,"Hmga2, Slc17a8, Tshz2, Slc15a5, Col24a1, Vwc2l, Gm26883, Sla2, Gm15942, Chrna5",Ambiguous_needs_manual_review,0,Activated_DAM_microglia,Ambiguous_needs_manual_review,0,,,0,Neurons_Unclassified,NO_EVIDENCE,Neurons_Unclassified
GSE214244,22,530,"Aldh1a1, Stk32a, Dao, Gm12681, Cyp26b1, Npas3, Gpc5, Acsm5, Pax3, Luzp2",Ambiguous_needs_manual_review,0,Activated_DAM_microglia,Ambiguous_needs_manual_review,0,,,0,Neurons_Unclassified,NO_EVIDENCE,Neurons_Unclassified
GSE214244,23,317,"Slc6a13, Lama1, Prdm6, Aox3, Aldh1a2, Slc22a6, Col4a6, Fam180a, Slc13a4, Scara5",Ambiguous_needs_manual_review,0,Activated_DAM_microglia,Ambiguous_needs_manual_review,0,,,0,Neurons_Unclassified,NO_EVIDENCE,Neurons_Unclassified
GSE214244,24,151,"C230072F16Rik, Ccdc180, Zfp474, Dnah12, Tmem212, Fam216b, Gm10714, Gm48500, Unc5cl, Wdr63",Ambiguous_needs_manual_review,0,Activated_DAM_microglia,Ambiguous_needs_manual_review,0,,,0,Neurons_Unclassified,NO_EVIDENCE,Neurons_Unclassified
GSE214244,3,8264,"Lmx1a, Spp1, Fth1, Pvalb, Pcp2, Nefh, Cd24a, Nefl, Plp1, Gm26870",Ambiguous_needs_manual_review,1,Neurons,Activated_DAM_microglia,1,Spp1,Inhibitory_neurons,1,Activated_DAM_microglia,WEAK_1_gene,Activated_DAM_microglia
GSE214244,4,7726,"C030018K13Rik, Gm35552, Gpc5, Mettl11b, Otc, Emx2os, Dmrta2os, Gm31614, Slc1a3, Emx2",Ambiguous_needs_manual_review,1,Homeostatic_microglia,Astrocytes,1,Slc1a3,,0,Astrocytes,WEAK_1_gene,Astrocytes
GSE214244,5,5500,"Adam33, Gm29674, Naa11, Slc23a3, Igfn1, A830036E02Rik, Nxf7, Unc5d, Gm20752, Rspo1",Ambiguous_needs_manual_review,0,Activated_DAM_microglia,Ambiguous_needs_manual_review,0,,,0,Neurons_Unclassified,NO_EVIDENCE,Neurons_Unclassified
GSE214244,6,5196,"A330087D11Rik, Dao, Cyp26b1, Pax3, A2m, Stk32a, A330076C08Rik, Aldh1a1, Foxb1, Olfr652",Ambiguous_needs_manual_review,0,Activated_DAM_microglia,Ambiguous_needs_manual_review,0,,,0,Neurons_Unclassified,NO_EVIDENCE,Neurons_Unclassified
GSE214244,7,5001,"Egfl7, 4930578C19Rik, Gm36823, Gm13536, Gm32688, Slc38a11, Cysltr2, Flt1, Adgrl4, Nostrin",Ambiguous_needs_manual_review,1,Homeostatic_microglia,Endothelial,1,Flt1,,0,Endothelial,WEAK_1_gene,Endothelial
GSE214244,8,4949,"C030029H02Rik, 7630403G23Rik, Prr5l, Dock10, St18, Slc13a1, AC110241.2, Slc24a2, Mbp, Nkain2",Ambiguous_needs_manual_review,1,Homeostatic_microglia,Oligodendrocytes,1,Mbp,,0,Oligodendrocytes,WEAK_1_gene,Oligodendrocytes
GSE214244,9,4948,"Enpp6, Prkag3, Piezo2, Gm13403, Prr5l, Gm42745, Gm32122, Gm45600, A330049N07Rik, Anln",Ambiguous_needs_manual_review,0,Activated_DAM_microglia,Ambiguous_needs_manual_review,0,,,0,Neurons_Unclassified,NO_EVIDENCE,Neurons_Unclassified
GSE296027,0,755,"Snhg11, Cst7, Meg3, Cd74, Apoe, Gm11185, Cxcl9, Ctsd, Fabp5, Gas7",Activated_DAM_microglia,3,Homeostatic_microglia,Activated_DAM_microglia,2,"Cst7,Apoe",Neurons,1,Activated_DAM_microglia,MODERATE_2to3_genes,Activated_DAM_microglia
GSE296027,1,749,"S100a9, S100a8, Tmem253, Ngp, Zc4h2, Runx2, Samd10, Gm37376, Vsig10l, Pecam1",Ambiguous_needs_manual_review,1,Homeostatic_microglia,Endothelial,1,Pecam1,,0,Endothelial,WEAK_1_gene,Endothelial
GSE296027,2,329,"C2cd4c, Gm44438, Cd4, Gm45264, Mpp2, Gm48594, Olfr1412, Mir100hg, Gm39566, 1700055D18Rik",Ambiguous_needs_manual_review,0,Activated_DAM_microglia,Ambiguous_needs_manual_review,0,,,0,Neurons_Unclassified,NO_EVIDENCE,Neurons_Unclassified
GSE296027,3,217,"Gm50140, A530053M12Rik, Gm42994, 7420700N18Rik, Olfr1, Hopx, Cd209a, Ppm1j, Cd28, Xcr1",Ambiguous_needs_manual_review,0,Activated_DAM_microglia,Ambiguous_needs_manual_review,0,,,0,Neurons_Unclassified,NO_EVIDENCE,Neurons_Unclassified
GSE296027,4,202,"Gm37783, Gm10521, Gm9945, Syt5, Snrpn, Dach2, Gabbr2, Hpca, Coro2b, 5830416I19Rik",Ambiguous_needs_manual_review,0,Activated_DAM_microglia,Ambiguous_needs_manual_review,0,,,0,Neurons_Unclassified,NO_EVIDENCE,Neurons_Unclassified
GSE296027,5,188,"Npy, Mapk15, Sox12, A230005M16Rik, Phf21b, Gm527, Fbln1, Msh5, B430010I23Rik, Gm48027",Ambiguous_needs_manual_review,0,Activated_DAM_microglia,Ambiguous_needs_manual_review,0,,,0,Neurons_Unclassified,NO_EVIDENCE,Neurons_Unclassified
GSE296027,6,187,"Tafa5, D330025C20Rik, Gm38451, A030014E15Rik, Olfr539, Gm13544, Fam186a, Zfp831, Stil, Pcsk5",Ambiguous_needs_manual_review,0,Activated_DAM_microglia,Ambiguous_needs_manual_review,0,,,0,Neurons_Unclassified,NO_EVIDENCE,Neurons_Unclassified
GSE296027,7,171,"Snx31, Ak7, Ngf, Gm47971, Lce1j, Chmp4c, Cyp2b19, Mfap4, Acta2, Adgrg6",Ambiguous_needs_manual_review,0,Activated_DAM_microglia,Ambiguous_needs_manual_review,0,,,0,Neurons_Unclassified,NO_EVIDENCE,Neurons_Unclassified
GSE296027,8,171,"Ttr, Gm29538, Enpp2, Sostdc1, Hspb1, Atp6v0d2, Gm5069, Dram1, Spag5, Clu",Ambiguous_needs_manual_review,1,Homeostatic_microglia,Choroid_plexus_ependymal,2,"Ttr,Enpp2",Activated_DAM_microglia,1,Choroid_plexus_ependymal,MODERATE_2to3_genes,Choroid_plexus_ependymal
GSE296027,9,165,"Gm47423, Olfr1498-ps1, Vmn1r18, Fez1, Hoxb9, Npr2, Gm43748, Slc36a1os, 1700125G22Rik, Rimbp3",Ambiguous_needs_manual_review,0,Activated_DAM_microglia,Ambiguous_needs_manual_review,0,,,0,Neurons_Unclassified,NO_EVIDENCE,Neurons_Unclassified
