"gene","log2FC","logCPM","pvalue","padj"
"Ccl3",4.62944703252118,0.824973915858095,1.27079442206415e-20,2.62152181327614e-16
"Itgax",4.65878603403521,-0.155054563243819,1.12052781153042e-15,1.15576841120306e-11
"Ccl4",4.38719676786427,0.854304229342211,5.48062254365595e-14,3.63954425010742e-10
"Lilrb4a",3.63670174364049,0.64345498635717,7.05714140308773e-14,3.63954425010742e-10
"Plaur",2.13572130544356,0.553683038455669,2.50282982679799e-12,9.34982014765758e-09
"Cst7",4.84619264006553,3.00489883520575,2.71942027659826e-12,9.34982014765758e-09
"Gm26714",3.02051592116009,0.354225238994428,1.18134054568968e-11,3.48141058814748e-08
"Ctse",2.58913750586626,-0.443667723008274,2.51613876934408e-11,6.48817833409989e-08
"Asb10",2.85533287926841,-0.649041974382183,4.47229558245044e-11,1.02509983967078e-07
"Tnfsf8",2.35179200457542,0.721074486451488,1.26624365426195e-10,2.55087393066623e-07
"Ccl6",2.55822655020587,1.32039359392875,1.47857581408259e-10,2.55087393066623e-07
"Ptprc",1.39017995906886,3.20549618820753,1.48385705404987e-10,2.55087393066623e-07
"Csf3r",1.50378885469752,3.30220412695817,2.37287578123631e-10,3.76538880700952e-07
"Hcar2",3.32117510368996,-2.13782374205934,7.5848828681119e-10,1.11763249061629e-06
"Myo1f",1.4437010769826,3.47311241158316,8.52309875904817e-10,1.1721533620027e-06
"Fcgr2b",1.43056083980712,1.75964349845322,1.78963041869857e-09,2.3073928692083e-06
"Bcl2a1b",2.08267282155569,0.373027504844871,2.73373643782528e-09,3.3173087632881e-06
"Fam46c",1.70236882650457,0.992942847479939,3.05278693512854e-09,3.38472489317763e-06
"AU020206",1.4846354681009,2.66151378154665,3.11744500316908e-09,3.38472489317763e-06
"Ly86",1.38158641015594,4.37175272321323,3.85671907501864e-09,3.97801288992797e-06
"Klhl6",1.48845902454944,1.42235892377194,6.43567492596316e-09,6.32197800227114e-06
"Naip6",1.28200506683017,0.17718481528215,9.86823247980117e-09,9.25326217390083e-06
"Tbxas1",0.997164449778943,3.48775683096229,1.11468264546187e-08,9.59489309225005e-06
"Gpr65",2.56730869635582,-1.57700088749504,1.11628016003685e-08,9.59489309225005e-06
"Atf3",1.53532193354948,0.0166920467161696,1.31611022402779e-08,1.08600151245878e-05
"Tgfbr2",0.844766162782493,4.1746299568987,1.50270846423349e-08,1.19228357341049e-05
"Pdcd1",2.85295055063318,-1.34329560549947,1.903427712614e-08,1.45428926975979e-05
"Cd274",1.06308887006287,0.602452776290147,2.08591776263437e-08,1.53679991162087e-05
"C4b",1.65029637756615,5.28562477789679,2.3436683179507e-08,1.64408860138305e-05
"Apobec1",1.15385287491096,2.53768799850328,2.39093790496347e-08,1.64408860138305e-05
"St14",1.92325790488662,-0.305071904603755,2.53017004005966e-08,1.68370573407712e-05
"Bcl2a1a",1.93214125493098,-1.12558622968715,3.54393703566715e-08,2.2846211596493e-05
"Cd84",1.4676820293444,2.99607556151044,4.14081803664021e-08,2.5885131902379e-05
"Arl11",1.75325743485137,-0.375377111676185,4.27801206014443e-08,2.59562090555057e-05
"Ctsc",0.790790283564424,3.02694539561576,4.77452865980721e-08,2.74066608902985e-05
"Tyrobp",1.87309912002231,4.52806814933596,4.78278051311622e-08,2.74066608902985e-05
"Runx1",1.31832357685721,3.6466533934606,6.5460937169939e-08,3.64971262940181e-05
"Ch25h",1.4189468285621,-0.0115597354934491,6.75733154064751e-08,3.66834190400046e-05
"Dock2",0.966551927694709,3.58369318746542,1.03371441235528e-07,5.39165161995994e-05
"Cd48",1.42755888652019,1.19994614690257,1.04545089339472e-07,5.39165161995994e-05
"Naip5",1.10182739173405,0.751495288806768,1.12139076480511e-07,5.6422366066255e-05
"Lcp1",0.632549900617195,3.06889274446197,1.20667300885751e-07,5.92677559517179e-05
"Bcl3",1.44675226617102,-0.21077973965559,1.31966065284942e-07,6.32095859820965e-05
"Cd244",1.95033262909762,-0.99806896178408,1.34820969664659e-07,6.32095859820965e-05
"Trem2",1.76018091893052,4.65525215644914,1.60498921566185e-07,7.35762722886405e-05
"Olfr110",2.4696930926819,-0.449168000254124,1.88171660725539e-07,8.43868084588509e-05
"Ly9",2.10410167820808,-0.902820626113099,2.35247848513245e-07,0.000103253784403824
"Apbb1ip",0.853226200460402,4.36004969351766,2.45076950581083e-07,0.000105326925282024
"Cd180",1.28237637503338,2.63058588489163,2.75817903312814e-07,0.000116119337294695
"Phf11d",1.5288894977331,-0.400735461416878,3.72187265542033e-07,0.000153557022017332
"Havcr2",1.17677823888549,2.10045788219209,3.99021503340783e-07,0.000161400286125824
"Ifi204",2.39941272416229,0.206016361947595,4.20674681411269e-07,0.000166886500054482
"Lair1",0.772941543438826,4.01746460347187,4.48350280345369e-07,0.000173379130186919
"C3ar1",1.23941524218324,1.29102890686858,4.53850066900657e-07,0.000173379130186919
"Slamf6",1.2718892631452,0.135971950210394,4.67138676851112e-07,0.00017521097754112
"Gfap",1.42952804213862,7.23604160774953,5.01133516177249e-07,0.000184605059021794
"Anxa3",0.997764541094409,3.69413838520426,5.39062358667019e-07,0.000192537848923366
"Rasal3",1.14335984004136,1.63497462396306,5.44734874404919e-07,0.000192537848923366
"Ctss",1.32740030464961,5.14232565147505,5.50668141280652e-07,0.000192537848923366
"Ifit1",1.15856961380566,1.80709912330969,6.52276468977209e-07,0.000224263521308847
"Naip2",1.15595436654732,1.08975551379765,6.88303603597338e-07,0.000230573951449817
"Fgr",1.7150237773689,0.188105538524565,6.92984875170325e-07,0.000230573951449817
"Cd68",1.17041720463714,3.17765558168648,7.77468232742004e-07,0.00025457765354341
"Plek",0.44893678202623,3.80708106791693,8.11208312662761e-07,0.000259919223072794
"Gngt2",1.0232763362632,0.777118744388278,8.18980537094943e-07,0.000259919223072794
"Cd14",1.37503961030453,1.29269829657612,8.98045421569078e-07,0.000280693621235583
"Osmr",1.24599852239302,2.21087469748345,1.21894878635395e-06,0.000372428082505893
"Cytip",1.94996076859665,-1.31728536776523,1.23118597449521e-06,0.000372428082505893
"Traf3ip3",0.922728232072883,0.91793691695082,1.24569963124275e-06,0.000372428082505893
"Arhgap30",0.886698760593207,1.80072481776589,1.27533155545685e-06,0.000375840209393134
"Mir142hg",0.856301650942756,2.40529029487743,1.40141582736792e-06,0.000403523919106011
"Ptpn6",0.989147316577376,1.05349080654654,1.40839217488161e-06,0.000403523919106011
"Lyz2",1.81363864373858,3.27757353913788,1.43648302304492e-06,0.000405934360032791
"Tlr1",1.20419803473189,-0.681796752704156,1.49702039825529e-06,0.000417324781021736
"Ucp2",0.832208944628773,2.17655501635294,1.60400361048946e-06,0.000441186539743828
"Sbno2",0.434369900732775,4.5558511363133,1.72932657626296e-06,0.000469398393970114
"Gpnmb",0.965420541386578,2.19029847592425,1.86157548569705e-06,0.000498732996031746
"Trim14",0.746934650459332,1.74303559477408,1.99425248027519e-06,0.00052718605838852
"Gm46224",1.28549038842962,0.46690222561476,2.02089969619928e-06,0.00052718605838852
"Casp4",0.976307805010334,0.166851667822592,2.05195727662521e-06,0.00052718605838852
"Nlrc5",1.54140784270864,0.983936924005013,2.0840150939503e-06,0.00052718605838852
"Rgs1",1.66443777283706,-0.8011331692375,2.09555755430989e-06,0.00052718605838852
"Fes",0.852579044685982,1.62273823535447,2.22591391522462e-06,0.000553233471773117
"9930111J21Rik2",1.26730651193942,0.770815271810003,2.35789323786513e-06,0.000574358448882997
"Fcer1g",1.11545506309712,3.98145988531174,2.36659402564616e-06,0.000574358448882997
"Tlr2",1.43797045993834,-0.219673214152974,2.50827834603446e-06,0.000601665976748196
"Ikzf1",0.865434708706149,3.36081059006274,2.65354498919165e-06,0.000629195167609593
"Tlr7",1.01266574040192,1.29851522831271,2.70988463221577e-06,0.000635252387249764
"Renbp",0.750696596504055,1.60208269251555,2.94192643135945e-06,0.000681898880365327
"Ifih1",0.782631501007689,1.58406787553088,3.02857788943737e-06,0.000694183703124484
"Rab7b",1.40729319389276,-0.0566276319466141,3.69579644947656e-06,0.000837808625892879
"Tec",0.873710526296845,2.17515074631849,3.94118034691226e-06,0.000883724014961445
"Abi3",0.983938960284816,2.60074267046584,5.04342345409584e-06,0.00111871809069401
"Lgals9",0.829313910530317,2.35424254824291,5.13468338620167e-06,0.0011268445061059
"Hk2",0.8623372969608,2.62048518724709,5.70288072382557e-06,0.00123836554159787
"Oasl2",1.4332301223654,2.1626946327154,6.00365945055573e-06,0.00129009886255744
"Psmb8",0.901596266259875,2.0035846851516,6.30131975360071e-06,0.0013239846304097
"Psmb9",0.908317691173201,1.34375843523133,6.30267770154296e-06,0.0013239846304097
"Gm4951",1.48796920349297,1.07205420846848,6.35389395562367e-06,0.0013239846304097
"Mamdc2",0.517926840898829,3.28340254399147,6.48632333141036e-06,0.00133806364003664
"Cd86",0.916114484644486,2.20455481543306,6.84010113874358e-06,0.00139707372664496
"Parp14",1.02548021673695,2.0928326782938,6.90829896399561e-06,0.00139716960125751
"Pik3cg",0.870602240154963,1.19776812806351,7.05819757444794e-06,0.00141362677440084
"Frrs1",0.807171652281164,2.5673342918726,7.20220137967156e-06,0.00142859819481966
"Sh3bp2",0.853367714523708,2.13594144767347,7.52129156720506e-06,0.00147768308323689
"Capg",1.25168010448084,0.833234058636089,7.70811760660035e-06,0.0014918206905385
"Hexb",0.657469993619371,6.27054518247333,7.73788423518444e-06,0.0014918206905385
"Gm4070",1.58876907643943,-0.0853889698737535,7.81418015549332e-06,0.00149258076321918
"Itgb2",0.816401269471086,0.83646476448637,8.73645472776962e-06,0.001653434170451
"Icam1",0.850712621821992,1.34995616757455,9.75877582628317e-06,0.00183012533200359
"Cd53",0.849135966294541,2.12979692176446,1.00714010089817e-05,0.0018717381208494
"Arhgap9",1.19522665360568,-0.572167538094982,1.0354960923031e-05,0.00190725436501077
"Irf5",0.776349113521916,1.60560844415393,1.10230539309905e-05,0.00201234141187968
"Ddx60",1.1685846499683,1.88979414294068,1.13961920455171e-05,0.00206221092725414
"Rtp4",0.731724428064314,2.77571112402534,1.15285157500797e-05,0.00206801522963822
"Pik3ap1",0.854790664854719,2.3308807344884,1.20478712440135e-05,0.00214254772321339
"Oas1a",1.78000056429305,-0.540330244183173,1.32606552560852e-05,0.00233806886562206
"Siglecf",1.71658946067574,-1.44264173949038,1.40636075605917e-05,0.00245862847769022
"Itpripl2",0.711417314826654,0.868984655847434,1.5148487889295e-05,0.00262603492998544
"Rin3",0.686417450365746,2.14588858958342,1.53609844489355e-05,0.00264068123497575
"Inpp5d",0.829652300381551,4.73077333269622,1.59354655360451e-05,0.00271354105431006
"St8sia6",0.718359063856473,2.30838030221907,1.60478941599606e-05,0.00271354105431006
"Mpeg1",1.28900189634265,1.88861423102698,1.67549214329268e-05,0.00279860780417991
"Sp110",0.946465138843816,0.950999194425153,1.68223068359256e-05,0.00279860780417991
"Samsn1",0.938537403025144,2.24171111373415,1.74913878788614e-05,0.00288663872442426
"Tlr13",1.1797546471994,-0.604379269776624,1.79309367890698e-05,0.00293569281763271
"Pros1",0.447492136582528,3.95008192206558,1.86091164500122e-05,0.00302273593108112
"Irf8",1.36565369266177,1.8976527866175,1.89582778923643e-05,0.00305539308313737
"Cd37",0.913233618531301,2.96106993938517,2.00274318835644e-05,0.00320268133586085
"Ifi207",2.37327827286384,-0.566005396564361,2.02829873458325e-05,0.00320926237194665
"Serpina3n",1.33421508709057,2.87435646712155,2.03797261488687e-05,0.00320926237194665
"Irf9",0.590109893260026,3.46232174487817,2.16544386291046e-05,0.00338416223090756
"Ctsh",0.733821119747815,3.83996093146356,2.35174174742197e-05,0.00364767522613292
"Vav1",0.785727944386315,1.7685136827571,2.39978448668728e-05,0.00369441449073671
"Nlrp3",0.995037058540859,-0.147260542011121,2.66782795119607e-05,0.00407663872631287
"F11r",0.566615802123479,2.88394435153171,2.80850746874623e-05,0.00426005151270338
"Cyba",0.791803150540039,3.82121540763268,2.88461023061078e-05,0.00434354922972772
"Hcls1",1.0254191256527,0.344921875327128,2.92117077060816e-05,0.0043667269439765
"Lrmp",0.662914048623267,1.6536759637007,2.96643001494655e-05,0.00440248091930449
"B2m",0.743137419958318,6.18622267243516,3.061438597517e-05,0.00451102977344129
"Gm2245",0.936585170066457,0.457961813696451,3.08957790953386e-05,0.00452020586494851
"Elf4",0.836065462757289,1.50083201045739,3.21980751846941e-05,0.00467756403510601
"H2-Q4",1.14870934154933,1.39843575475289,3.25556997674125e-05,0.00469644426924442
"Gm37168",1.05948956812517,0.832095457960844,3.47887541929786e-05,0.00498373062671497
"Fcgr3",1.03858067118027,2.30444375340762,3.58818243569053e-05,0.00510487003212827
"Blnk",0.621650463240033,3.51475502585514,3.74388724072206e-05,0.00528990752663394
"Csf2rb",1.13224214125719,0.338937689899009,4.04376665947683e-05,0.00567475254546582
"Clec5a",1.05984997877977,-0.350579807696689,4.16210354528193e-05,0.00580135365105547
"Pithd1",-0.263761833092335,4.62410135609302,4.52248056957116e-05,0.00626135917246198
"Snx20",0.662445584544931,1.50231460059127,4.5774823908013e-05,0.00626810323833969
"Pag1",0.433029636726587,6.28967105816773,4.58812152304665e-05,0.00626810323833969
"Ncf2",0.713112155470135,2.52811983838822,4.72109575662659e-05,0.0064073344975954
"Zc3hav1",0.68587666957114,3.0376989068023,4.96325623668932e-05,0.00669196162788653
"Ifit3",0.92810345033011,1.75728125496554,5.16086091350397e-05,0.00691320777822554
"Bst2",1.0816368377859,2.9442603300094,5.40331267049544e-05,0.00719128626320326
"Usp24",0.241470286727822,6.30484171557091,5.45308246477315e-05,0.00721100244652597
"Hk3",0.734984558013071,0.903654905464674,5.48892359118412e-05,0.00721216590844187
"Gpr183",0.826294554592389,2.31514042216591,5.6594030676754e-05,0.00736177728880114
"Cxcl16",0.820721125548592,-0.0399166816275785,5.69904447954925e-05,0.00736177728880114
"Laptm5",0.981282219122205,3.66989615873695,5.70984713853401e-05,0.00736177728880114
"Usp18",1.53097780510406,1.18554727520783,5.85931860370644e-05,0.00750757040222734
"Fcgr1",0.866573519558553,1.15122184945104,5.94572194951504e-05,0.00757125296892258
"Lgals3bp",0.904223741026325,2.87101416453535,6.13462765197847e-05,0.00776387937623705
"Vsir",0.699412360462319,3.21930379343461,6.37841527233054e-05,0.0080231907715187
"Plxdc2",0.39721481761687,7.63699583931068,6.56314830968152e-05,0.00820552645335879
"Lcp2",0.674745541549041,1.87861079704517,6.63483904872712e-05,0.00824518642989107
"Gm20663",0.682831256755737,0.553743915054783,6.75617392547048e-05,0.00834569532386411
"Smim18",-0.391560351889846,4.00565528900364,6.82478454799977e-05,0.00836563910614934
"Trim30d",0.932844388074368,1.39557198379305,6.85342483367705e-05,0.00836563910614934
"Tmem140",0.651259910325354,1.54004805679432,6.96531253384001e-05,0.0084522018976815
"Epsti1",0.819944469601622,1.8816624126524,7.27194074016566e-05,0.00877268219467119
"Nsdhl",0.38409516157396,4.36511163604486,7.3873235451147e-05,0.00886006380303321
"Slfn8",1.13623010275255,0.673258535632016,7.44835344674479e-05,0.00888162330941608
"Entpd1",0.604799821940875,3.87458930324546,7.52664488873658e-05,0.00889869303830874
"Tgfbr1",0.549287633802184,5.73433158451438,7.57607947643495e-05,0.00889869303830874
"Fli1",0.704861670847008,4.05149546017547,7.61523564199432e-05,0.00889869303830874
"Scgb3a1",1.3683877132052,-1.40551429601208,7.63521580193245e-05,0.00889869303830874
"Ets1",0.422224516015852,3.34546450047443,7.86826382375427e-05,0.00911878732697903
"Il6ra",0.555187410791184,3.35847381872704,8.08321222310299e-05,0.00931556340504981
"Spi1",0.795652956349255,2.33495184993209,8.12996608444262e-05,0.00931739279755371
"Apobec3",0.760185695831197,2.97506360758369,8.25474826774159e-05,0.00940813270802437
"Trim12c",0.709933166627558,1.35996315947179,8.92963196211945e-05,0.0100688643988392
"Wfdc17",1.3947927242054,-0.279388125690161,8.9605517531017e-05,0.0100688643988392
"H2-Ob",1.12395230099493,-0.838562927084755,8.9873775809343e-05,0.0100688643988392
"Cxcl10",1.80149778050564,-0.985980276390314,9.02971503119516e-05,0.0100688643988392
"Tmem252",1.32433764725987,0.528470133266136,9.32022500941849e-05,0.0103070830041608
"Olfr111",2.54388016222386,0.900217400773564,9.34327656104545e-05,0.0103070830041608
"Slco2b1",0.698805825854984,3.78822712655181,9.6733619883338e-05,0.0106117868773396
"Srgn",0.81178873491003,2.89152287118994,9.7697754044881e-05,0.0106117868773396
"5430427O19Rik",0.836424820010091,-0.00427340511361342,9.81559164823237e-05,0.0106117868773396
"Parp10",0.511359781688189,1.27578971589443,9.82525228354188e-05,0.0106117868773396
"H2-Q6",1.30488671200506,-0.0644137494284614,0.000100325602488892,0.01077925444658
"Serpinf2",0.902710711762415,-0.818523346103342,0.000103324344359461,0.0109435784165988
"Kynu",1.01896514251356,-0.157817196977735,0.000103601541257259,0.0109435784165988
"Lat2",0.625234561534615,1.7563769362864,0.000103880555360652,0.0109435784165988
"Adcy7",0.464157407801737,2.67007002375324,0.000104026295586811,0.0109435784165988
"Lsp1",0.792732557904136,0.636361100073504,0.000104507486939258,0.0109435784165988
"Rnf213",0.656880978242143,3.50702355434474,0.000105066916433898,0.0109465930258328
"Isg15",0.927024998822528,2.32264389555439,0.00010828641425778,0.011215414649792
"Tnfaip8l2",0.826346320466404,0.364153031921337,0.000108734448105017,0.011215414649792
"Ncf4",0.88264701057405,-0.373090053428439,0.000113259973930909,0.0116240796130384
"Hvcn1",0.666694596007002,1.25035941631848,0.000114107700649556,0.0116531077064341
"Ggta1",0.818443891978536,2.63613230800418,0.000117462209911105,0.0119365907795871
"Fblim1",0.866356290283994,1.49612704998308,0.000118820069286038,0.0119758309412786
"Cyth4",0.732856341054854,3.59641589850202,0.000119009420861996,0.0119758309412786
"AU022793",1.21982651960065,-0.86514133747457,0.000122877395161549,0.0123015978243395
"Gas2l3",0.530128546010955,1.72467329204315,0.000123439369316898,0.0123015978243395
"Slc15a3",0.738167554144611,1.45074586927724,0.000126636570005483,0.0125595471280919
"Plcg2",0.602527147792415,2.96927962633948,0.000128444064191324,0.0126334476741
"Xlr",0.666297327922884,-0.17964927560587,0.000128606525355616,0.0126334476741
"Ifi44",1.42714814188852,-0.309559895226946,0.000131077828382554,0.0127855446268903
"H2-Q7",1.21190943606222,1.13400302891706,0.000131734873147204,0.0127855446268903
"AI607873",3.1141388778226,-3.20139086276842,0.00013201420357398,0.0127855446268903
"Gab2",0.297590542448463,6.41854460244195,0.000139599847163922,0.0134570338651614
"Gvin1",1.49178957830642,-0.719243314754313,0.00014556031028302,0.0139663425154811
"Dcstamp",2.15046558080813,-1.5710373763718,0.000148036376421851,0.0140843127979833
"Plau",1.04060969916344,-0.0156622801671079,0.000148155309378176,0.0140843127979833
"Trim56",0.664013381415235,1.50000290258077,0.000151378263941685,0.0142967875394102
"Slfn5",1.14906677601548,1.58766227373307,0.000151776454075856,0.0142967875394102
"1700112E06Rik",0.685814174678782,3.18619260509679,0.000153194538603228,0.0143647733493
"Ulbp1",0.808669025043798,-0.716292171188491,0.000154054750246367,0.0143800698770692
"Il21r",0.822313037492879,1.07044960655078,0.000164200607744628,0.0152580825998375
"Suclg2",0.279305313020162,3.48584497237733,0.000167242714015692,0.0154710759974426
"6030468B19Rik",0.880897353757011,-0.196925862096758,0.000170912963187546,0.015740015703553
"Fgf2",0.572744772403987,1.7028249844434,0.000176568865515079,0.0161886183409358
"H2-K1",0.724892274802898,4.99013951696155,0.000177868218576579,0.0162355906239657
"Slc38a5",0.811183679154483,1.48998080731125,0.00018588952690273,0.0168930178435085
"Epb41l2",0.360706945218284,5.63930461079458,0.000189701436122032,0.0171638198498307
"Gpr34",0.606785707118586,3.35857483702873,0.00019210130271938,0.0173050557807776
"Irgm2",0.823491664046914,1.37465369242914,0.000193196465789176,0.0173280430120214
"Prelid2",0.583497802845134,0.864546241657808,0.00020758256926967,0.0185377524738702
"Nckap1l",0.730629510038761,2.59071807527964,0.000214800522208808,0.0190993239231551
"Sp140",0.645730502237748,0.583651024957732,0.000215722646473176,0.0190993239231551
"E530001K10Rik",-0.87427392996305,0.828323249126444,0.000217142677424587,0.0191428901392812
"Cyp4v3",0.45152065720529,1.82352988319327,0.000218583918012645,0.0191879474241824
"Irf7",1.23914596310945,0.87669039063812,0.000220742466683158,0.0192953234966393
"Pon3",0.596819692118851,1.70959116195415,0.000226346462386692,0.0197016927112872
"Fyb",0.741056929034389,4.44388152542045,0.000231591629920046,0.0199797221744987
"1810011H11Rik",0.801555851947654,0.940627234201665,0.000232326574596908,0.0199797221744987
"Tmem71",0.773025334432033,-0.585826100874736,0.000233300332573381,0.0199797221744987
"Ppp1r18",0.524392959075404,1.19922411603777,0.00023341475806167,0.0199797221744987
"Elk3",0.45874804176554,3.90168314075199,0.00024230035393275,0.020654603311069
"C1qa",1.08496436299331,5.74773411694001,0.000250274812199948,0.0212465806620277
"Slamf9",1.20981493480918,-0.771676158006042,0.000257117630861374,0.0217380311763905
"Rasgrp3",0.792495399712032,4.6130764127032,0.000258873981179781,0.0217971892153375
"Glrp1",0.977145799568825,0.432906052872921,0.000272721109954288,0.022778898823546
"Cebpa",0.510938085897815,1.81559660345298,0.000273281316687538,0.022778898823546
"Capn3",0.573280896093677,3.45384302377295,0.000273845892105259,0.022778898823546
"Amer2",-0.226676023466512,5.59698724854803,0.000281124043907561,0.0232903931797955
"C130050O18Rik",0.663383083341957,-0.161952776547258,0.000306320743351013,0.0252070317238573
"Rbm47",0.860225823408727,2.60573086611243,0.000306702455896465,0.0252070317238573
"Unc93b1",0.551053999048065,3.88488645774778,0.000317186897979574,0.0258725173177085
"Gm26522",0.837735259645984,1.72187033027281,0.000317308007241274,0.0258725173177085
"C1qc",0.911820651649211,5.03911762850058,0.000321069123318772,0.0260761218304841
"Exoc8",-0.238842964558359,3.86805314761755,0.00033412187515848,0.0270298045593893
"Ctla2a",0.910061650777427,3.87927960664702,0.000335921884524437,0.0270692677963071
"2810001G20Rik",-0.290294783738449,4.04058191053559,0.00035614145569244,0.0285869342003087
"Fgfbp3",-0.525854972684279,4.36081054435884,0.000374442555871665,0.0299394398646379
"Rsad2",0.938767314320759,0.4978446813617,0.000382575928612215,0.0304716557194648
"Cd200r4",1.13676856567614,-0.78364162741267,0.000385255330838262,0.0305670469994712
"Gpr84",1.04384436806878,-0.231237052325123,0.00039558638268199,0.0312229046223758
"Setd5",0.190756460663416,7.5431620903253,0.000396548597172062,0.0312229046223758
"Lpxn",0.518367876708776,1.48275936703199,0.000403640047303922,0.0316604202883369
"Cdca2",0.844228962868066,-0.975853530060199,0.00041029265530215,0.0320603302508639
"Vwa5a",0.399750675491009,2.05865721945344,0.000413549636032617,0.0321928884593089
"Cysltr2",0.748569660828144,-0.700283886979852,0.000416242589760136,0.0322807082111348
"Gm38134",-0.416766254636054,4.67250901470711,0.000419012184935443,0.0323737916218474
"Il10rb",0.445429595656513,2.69126515449526,0.000426775167001881,0.0328505407465739
"Sipa1",0.317197112620937,3.92609727327985,0.000431078394757192,0.0330584245555618
"Smagp",0.657338300272198,0.720947895504312,0.000434490764699274,0.033196703648079
"Ncf1",0.699197323865604,2.13876220260393,0.000454010561837928,0.0345600881186517
"Ostf1",0.415283870955182,3.88211102607108,0.000456457448242276,0.0346186055139335
"Tgif1",0.813632356254514,0.490816500432401,0.00046062902120075,0.0348070186020156
"Nrros",0.502074650185608,3.68704624631312,0.000462755947526044,0.0348401183996889
"Dlg5",0.273649175770042,4.81010351004925,0.000473677716120717,0.0355327185667428
"Fas",0.872003708460399,1.73269135481076,0.000480213277401274,0.0358924626793873
"Adgrl4",0.747125563321469,4.50563966471223,0.000483562389319911,0.0359162765147745
"Sp100",1.04808471507403,2.33264689800108,0.000484014003156106,0.0359162765147745
"Sh3tc1",0.647672705718465,0.480945338656708,0.000496113048370276,0.0366821364689262
"Gm5086",0.754517713215884,2.55536547497575,0.00050896775300803,0.0374981992028666
"Itgam",0.914904954481326,0.780940522784952,0.000565693297478829,0.0415291353512127
"Bex4",-0.500953077966106,3.3841361998665,0.000575276977760775,0.0420152190990596
"C030034L19Rik",0.645957616777765,1.57317439185415,0.000576387949247849,0.0420152190990596
"Tyk2",0.174190009764417,5.04069150234672,0.000587031198471245,0.0426403753283919
"Cfh",0.540723654307401,3.96087423979071,0.000591171635215087,0.0427904549573756
"Mgmt",0.436317217817843,1.83281839103885,0.000610544375825266,0.0440381815695784
"Dennd1c",0.666633120308281,1.22537217929325,0.000617140519046096,0.0443588563324109
"Igsf6",0.533839560868553,0.698309947310405,0.000635448269151093,0.0454138466183597
"Cst6",-0.610408299094407,1.81826679509598,0.000637778166945576,0.0454138466183597
"Lcn2",2.23240134363955,-1.84304257151909,0.000638422391745809,0.0454138466183597
"Psen1",0.410507136038372,5.86950006307825,0.000642877741502955,0.0455736251871631
"Ifitm3",0.812428001801174,4.77573558672323,0.000657662174631798,0.0464014381528337
"Nfatc1",0.570729024578564,2.36262825112077,0.000659870983869166,0.0464014381528337
"Stat1",0.471383196485018,4.32537793748287,0.000663981668696215,0.0464014381528337
"Tifab",0.858160613235455,0.398126418498279,0.000664686018840274,0.0464014381528337
"Mlxipl",0.556578676729154,2.46707192366115,0.000665801817501515,0.0464014381528337
"Gm11213",1.17355215679393,-2.10414028539588,0.00067448022121658,0.0468479881598547
"Rbm4b",-0.206377952757751,7.71175437507659,0.000679168280642105,0.0470153102730402
"Klf4",0.835183557642446,2.40380496380049,0.000688006361777713,0.0474678369134196
"Tlr4",0.453487952184261,1.11019729120415,0.000719392309237527,0.0494380834735398
"Trim30a",0.867469740594236,2.9915053897124,0.000721356494523994,0.0494380834735398
