Gene_set,Term,Overlap,P-value,Adjusted P-value,Odds Ratio,Combined Score,Genes
Reactome_2022,Cargo Trafficking To Periciliary Membrane R-HSA-5620920,1/46,0.01770504255384398,0.05549240255597346,90.43736263736264,364.81580076868755,EXOC8
GO_Biological_Process_2023,Cellular Component Disassembly (GO:0022411),1/27,0.010425623449870148,0.05549240255597346,155.42264150943396,709.2694697663567,EXOC8
GO_Biological_Process_2023,Entrainment Of Circadian Clock By Photoperiod (GO:0043153),1/21,0.008117074472597411,0.05549240255597346,200.97073170731707,967.4299894647795,RBM4B
GO_Biological_Process_2023,Endosome Organization (GO:0007032),1/48,0.018468564559951058,0.05549240255597346,86.62105263157895,345.7639742460136,EXOC8
GO_Biological_Process_2023,Membrane Fission (GO:0090148),1/37,0.014262758571936615,0.05549240255597346,112.78630136986301,479.3534468123532,EXOC8
Reactome_2022,Insulin Processing R-HSA-264876,1/22,0.008502159564523019,0.05549240255597346,191.6139534883721,913.5070839348695,EXOC8
GO_Biological_Process_2023,Golgi To Plasma Membrane Transport (GO:0006893),1/46,0.01770504255384398,0.05549240255597346,90.43736263736264,364.81580076868755,EXOC8
GO_Biological_Process_2023,Extracellular Matrix Disassembly (GO:0022617),1/25,0.009656630058248846,0.05549240255597346,168.1265306122449,780.1256879034813,EXOC8
GO_Biological_Process_2023,Positive Regulation Of Myeloid Cell Differentiation (GO:0045639),1/30,0.011578133892285545,0.05549240255597346,139.59661016949153,622.4106068517573,PITHD1
GO_Biological_Process_2023,Positive Regulation Of Megakaryocyte Differentiation (GO:0045654),1/7,0.0027121254772726694,0.05549240255597346,634.2615384615384,3748.500053602083,PITHD1
GO_Biological_Process_2023,Regulation Of Amide Metabolic Process (GO:0034248),1/40,0.015411357467443902,0.05549240255597346,104.20506329113924,434.8113139766527,RBM4B
GO_Biological_Process_2023,Post-Transcriptional Regulation Of Gene Expression (GO:0010608),1/56,0.021517462215581543,0.05549240255597346,74.10630630630631,284.4859935966202,RBM4B
GO_Biological_Process_2023,Photoperiodism (GO:0009648),1/22,0.008502159564523019,0.05549240255597346,191.6139534883721,913.5070839348695,RBM4B
GO_Biological_Process_2023,Mitotic Cytokinesis (GO:0000281),1/53,0.020375098126744453,0.05549240255597346,78.35238095238095,305.0604354296346,EXOC8
GO_Biological_Process_2023,Regulation Of Megakaryocyte Differentiation (GO:0045652),1/16,0.006189685342887795,0.05549240255597346,265.86451612903227,1351.8867750957838,PITHD1
GO_Biological_Process_2023,Regulation Of Macromolecule Biosynthetic Process (GO:0010556),1/51,0.01961287390195801,0.05549240255597346,81.46336633663367,320.27885359677464,RBM4B
Reactome_2022,Translocation Of SLC2A4 (GLUT4) To Plasma Membrane R-HSA-1445148,1/50,0.019231567226437353,0.05549240255597346,83.11313131313132,328.3967892604226,EXOC8
Reactome_2022,VxPx Cargo-Targeting To Cilium R-HSA-5620916,1/17,0.006575425118602555,0.05549240255597346,249.73939393939395,1254.794618274055,EXOC8
GO_Biological_Process_2023,post-Golgi Vesicle-Mediated Transport (GO:0006892),1/56,0.021517462215581543,0.05549240255597346,74.10630630630631,284.4859935966202,EXOC8
GO_Biological_Process_2023,Regulation Of Cellular Biosynthetic Process (GO:0031326),1/65,0.024937563815891992,0.05554275577175944,63.73798449612403,235.28112282200502,RBM4B
GO_Biological_Process_2023,Cytoskeleton-Dependent Cytokinesis (GO:0061640),1/60,0.02303880105791799,0.05554275577175944,69.1109243697479,260.58795696175787,EXOC8
Reactome_2022,Peptide Hormone Metabolism R-HSA-2980736,1/63,0.02417844655450429,0.05554275577175944,65.784,244.8673675054449,EXOC8
GO_Biological_Process_2023,Exocytosis (GO:0006887),1/73,0.02796886817253151,0.05787553498947646,56.682758620689654,202.73513900704575,EXOC8
GO_Biological_Process_2023,Vesicle-Mediated Transport To The Plasma Membrane (GO:0098876),1/74,0.028347200811172143,0.05787553498947646,55.90884353741497,199.21590030029836,EXOC8
GO_Biological_Process_2023,Vesicle Organization (GO:0016050),1/80,0.030614492033280864,0.06000440438523049,51.67421383647799,180.15087051824827,EXOC8
GO_Biological_Process_2023,Regulation Of Protein Metabolic Process (GO:0051246),1/87,0.033253813117731734,0.060349512695142785,47.47630057803468,161.589664298618,RBM4B
GO_Biological_Process_2023,Regulation Of Macroautophagy (GO:0016241),1/86,0.0328771526445881,0.060349512695142785,48.03391812865497,164.03474056512823,EXOC8
GO_Biological_Process_2023,Regulation Of Wnt Signaling Pathway (GO:0030111),1/96,0.0366379854353773,0.06411647451191028,42.98324607329843,142.13139840173798,AMER2
GO_Biological_Process_2023,Negative Regulation Of Canonical Wnt Signaling Pathway (GO:0090090),1/103,0.039262948484497434,0.0663408439910474,40.03414634146341,129.6095075509433,AMER2
GO_Biological_Process_2023,Negative Regulation Of Wnt Signaling Pathway (GO:0030178),1/127,0.04821537131156455,0.0787517731422221,32.40079051383399,98.24170472025905,AMER2
GO_Biological_Process_2023,Extracellular Matrix Organization (GO:0030198),1/140,0.053034054690085784,0.08382802192949043,29.36272401433692,86.2330653965726,EXOC8
GO_Biological_Process_2023,Membrane Organization (GO:0061024),1/150,0.056726195047191334,0.08686198616601173,27.385284280936453,78.58259852558645,EXOC8
GO_Biological_Process_2023,Endomembrane System Organization (GO:0010256),1/165,0.062240788232400805,0.0902141997137199,24.869908814589667,69.05738835561597,EXOC8
Reactome_2022,Cilium Assembly R-HSA-5617833,1/171,0.0644387140812285,0.0902141997137199,23.98768328445748,65.77520329284182,EXOC8
GO_Biological_Process_2023,"RNA Splicing, Via Transesterification Reactions With Bulged Adenosine As Nucleophile (GO:0000377)",1/168,0.0633403152647423,0.0902141997137199,24.420895522388058,67.38294717763361,RBM4B
GO_Biological_Process_2023,"mRNA Splicing, Via Spliceosome (GO:0000398)",1/199,0.07463621180875929,0.09422901298319598,20.575818639798488,53.39691345651729,RBM4B
GO_Biological_Process_2023,mRNA Processing (GO:0006397),1/200,0.07499860217029884,0.09422901298319598,20.471679197994987,53.027499997278596,RBM4B
GO_Biological_Process_2023,Regulation Of Translation (GO:0006417),1/188,0.07064171116211797,0.09422901298319598,21.794666666666668,57.758798033652724,RBM4B
GO_Biological_Process_2023,Regulation Of Canonical Wnt Signaling Pathway (GO:0060828),1/191,0.071732613866308,0.09422901298319598,21.448293963254592,56.51217446614916,AMER2
GO_Biological_Process_2023,Regulation Of Autophagy (GO:0010506),1/216,0.08077998354227232,0.0989554798392836,18.9368909512761,47.645711367054126,EXOC8
Reactome_2022,Organelle Biogenesis And Maintenance R-HSA-1852241,1/242,0.09010730713713584,0.10768922072486965,16.876604554865423,40.6178358117361,EXOC8
GO_Biological_Process_2023,Protein Localization (GO:0008104),1/312,0.11480896196597536,0.1339437889603046,13.03916532905297,28.223087315026866,EXOC8
GO_Biological_Process_2023,Vesicle-Mediated Transport (GO:0016192),1/366,0.13346160243549957,0.15208415161254601,11.083173734610122,22.320863144816173,EXOC8
GO_Biological_Process_2023,Positive Regulation Of Nucleic Acid-Templated Transcription (GO:1903508),1/477,0.17072629252805285,0.19012700758805887,8.454774396642183,14.945450872310715,PITHD1
Reactome_2022,Membrane Trafficking R-HSA-199991,1/544,0.1925341115771507,0.20964825482845298,7.387856485740571,12.171360120459145,EXOC8
Reactome_2022,Vesicle-mediated Transport R-HSA-5653656,1/572,0.2014980824651387,0.21463926175634337,7.0160979877515315,11.239616478190952,EXOC8
GO_Biological_Process_2023,Positive Regulation Of DNA-templated Transcription (GO:0045893),1/1017,0.3327299699825966,0.3468886921095156,3.8570585341859323,4.244399853371111,PITHD1
GO_Biological_Process_2023,Regulation Of DNA-templated Transcription (GO:0006355),1/1347,0.41745900952389253,0.42615607222230695,2.8627552914964722,2.500814049053845,PITHD1
Reactome_2022,Metabolism Of Proteins R-HSA-392499,1/1592,0.47412178219115975,0.47412178219115975,2.3912661011624254,1.7845805273258064,EXOC8
