sample,GSE,condition,n_cells,sample_id,total_UMI
GSE140399_GSM4160649_WT_5XFAD_Hip,GSE140399,AD,3784,GSM4160649_WT_5XFAD_Hip,5392470
GSE140399_GSM4160643_WT_Cor,GSE140399,Control,10383,GSM4160643_WT_Cor,13531753
GSE140399_GSM4160645_WT_5XFAD_Cor,GSE140399,AD,4537,GSM4160645_WT_5XFAD_Cor,6243402
GSE140399_GSM4160647_WT_Hip,GSE140399,Control,3279,GSM4160647_WT_Hip,3648465
GSE140510_GSM4173506_WT_3,GSE140510,Control,8125,GSM4173506_WT_3,34353352
GSE140510_GSM4173504_WT_1,GSE140510,Control,10046,GSM4173504_WT_1,37108708
GSE140510_GSM4173510_WT_5XFAD_1,GSE140510,AD,6991,GSM4173510_WT_5XFAD_1,30429463
GSE140510_GSM4173511_WT_5XFAD_2,GSE140510,AD,4947,GSM4173511_WT_5XFAD_2,17358232
GSE140510_GSM4173512_WT_5XFAD_3,GSE140510,AD,7932,GSM4173512_WT_5XFAD_3,29129912
GSE140510_GSM4173505_WT_2,GSE140510,Control,6831,GSM4173505_WT_2,29075196
GSE143758_NP40.Batch1_Wt-Hip-S2-R,GSE143758,Control,3504,NP40.Batch1_Wt-Hip-S2-R,3967757
GSE143758_EZ.Batch1_HipR-AD-G3-2w,GSE143758,AD,8275,EZ.Batch1_HipR-AD-G3-2w,11459578
GSE143758_EZ.Batch1_HipR-WT-G3-2w,GSE143758,Control,7230,EZ.Batch1_HipR-WT-G3-2w,10055741
GSE143758_EZ.Batch1_HipR-WT-G1-4w,GSE143758,Control,7772,EZ.Batch1_HipR-WT-G1-4w,11523671
GSE143758_EZ.Batch1_HipR-AD-G1-4w,GSE143758,AD,8456,EZ.Batch1_HipR-AD-G1-4w,12216892
GSE143758_NP40.Batch1_Untreated-Hip-S2-R,GSE143758,AD,5122,NP40.Batch1_Untreated-Hip-S2-R,6022807
GSE143758_NP40.Batch3_Wt-Hip-S1-L,GSE143758,Control,4109,NP40.Batch3_Wt-Hip-S1-L,5320530
GSE143758_NP40.Batch3_Wt-Hip-S2-L,GSE143758,Control,4325,NP40.Batch3_Wt-Hip-S2-L,5147644
GSE143758_NP40.Batch3_Untreated-Hip-S2-L,GSE143758,AD,2643,NP40.Batch3_Untreated-Hip-S2-L,3140575
GSE143758_NP40.Batch3_Untreated-Hip-S1-L,GSE143758,AD,3928,NP40.Batch3_Untreated-Hip-S1-L,4546306
GSE208683_WT_1,GSE208683,Control,7586,WT_1,52579302
GSE208683_WT_2,GSE208683,Control,6289,WT_2,55459157
GSE208683_AD_1,GSE208683,AD,6786,AD_1,49630940
GSE208683_AD_2,GSE208683,AD,6589,AD_2,46662620
GSE214244_GSM6602016_ECAP2,GSE214244,AD,12644,GSM6602016_ECAP2,86951727
GSE214244_GSM6602010_DCNAP1,GSE214244,AD,15256,GSM6602010_DCNAP1,48996346
GSE214244_GSM6602011_ECWT1,GSE214244,Control,17410,GSM6602011_ECWT1,83144705
GSE214244_GSM6602015_ECWT2,GSE214244,Control,7687,GSM6602015_ECWT2,40344661
GSE214244_GSM6602012_ECAP1,GSE214244,AD,19947,GSM6602012_ECAP1,91850483
GSE214244_GSM6602009_DCNWT1,GSE214244,Control,9860,GSM6602009_DCNWT1,27506191
GSE214244_GSM6602013_DCNWT2,GSE214244,Control,16819,GSM6602013_DCNWT2,45984440
GSE214244_GSM6602014_DCNAP2,GSE214244,AD,15863,GSM6602014_DCNAP2,51082554
